drug CAS;drug name;Log2FoldChange;mLog10Pvalue
70476-82-3;Mitoxantrone (dihydrochloride);-6.31479032137866;4.96946499524393
20830-75-5;Digoxin;-4.19414056397024;4.83290481900434
1108-68-5;Cinobufotalin;-3.26205325327794;4.66119180570936
284461-73-0;Sorafenib;-2.42425677569912;4.31141841187835
65271-80-9;Mitoxantrone;-2.05900138006399;4.04895271659765
500287-72-9;Rilpivirine;-1.79695979480292;4.05173530801347
29342-05-0;Ciclopirox;-1.717632321697;3.66305457117255
913611-97-9;Brexpiprazole;-1.68191685572815;3.72489579487601
755037-03-7;Regorafenib;-1.58737387371709;3.50069974365704
231277-92-2;Lapatinib;-1.41371542292132;3.56099649373369
4008-48-4;Nitroxoline;-0.98197465469874;2.70739900774918
138786-67-1;Pantoprazole (sodium);-0.949578094756229;2.4319989232989
171599-83-0;Sildenafil (citrate);-0.850045777436725;2.47761547706436
1392275-56-7;GS-7340 (hemifumarate);-0.847189989269441;2.46662316226274
72-80-0;Chlorquinaldol;-0.842336801907622;1.58658933546258
192725-17-0;Lopinavir;-0.829419432359065;1.99839304788177
124832-27-5;Valacyclovir (hydrochloride);-0.826782011066173;2.03494240754049
105628-07-7;Fasudil (Hydrochloride);-0.826225604306318;1.65255671891475
7240-38-2;Oxacillin (sodium monohydrate);-0.81897226269296;1.98027545153727
1176316-99-6;Agomelatine (hydrochloride);-0.786057365839345;2.20037632504385
58-14-0;Pyrimethamine;-0.782853335616729;2.40983804901022
95233-18-4;Atovaquone;-0.773386135822914;2.31371899664215
13523-86-9;Pindolol;-0.770691742582464;2.15074335350819
71-58-9;Medroxyprogesterone (acetate);-0.736869720476358;1.56976974887044
32986-56-4;Tobramycin;-0.733141097196514;1.56356733935136
827022-32-2;Palbociclib (hydrochloride);-0.730682502043495;2.0881043179372
51264-14-3;Amsacrine;-0.728741573651275;2.04156903090893
7179-49-9;Lincomycin (hydrochloride hydrate);-0.728344534094035;1.8560173163425
68890-66-4;Piroctone olamine;-0.719968718202637;2.40667131123613
2016-88-8;Amiloride (hydrochloride);-0.717159238107057;1.97483572718526
645-05-6;Altretamine;-0.702947993490556;1.88105539575356
75607-67-9;Fludarabine (phosphate);-0.695833383445036;2.04181311903749
3562-84-3;Benzbromarone;-0.689234397266724;1.49558413168469
41621-49-2;Ciclopirox (olamine);-0.683424551818652;1.1247762294594
1140909-48-3;Cabozantinib (S-malate);-0.674899971452638;1.94922143318266
133099-07-7;Darifenacin (hydrobromide);-0.674798620832923;1.1228275585522
1256580-46-7;CH5424802;-0.671364458260742;2.10815235378346
923288-90-8;Nilotinib (monohydrochloride monohydrate);-0.665625423480009;1.3540176787872
179474-81-8;Prucalopride;-0.654733143768185;1.90253881852363
5786-21-0;Clozapine;-0.650042044685147;1.69565214229375
81161-17-3;Esmolol (hydrochloride);-0.649531618414444;2.0421131526922
82034-46-6;Loteprednol Etabonate;-0.646654095895285;2.0840678480987
68302-57-8;Amlexanox;-0.642343288904999;1.62032683678837
101477-54-7;Lomerizine dihydrochloride;-0.63774593098231;1.80589462567694
304-55-2;Succimer;-0.634831803520892;1.43577902629341
496775-61-2;Eltrombopag;-0.631276707483161;1.88746831247242
1019206-88-2;Regorafenib (monohydrate);-0.630894104322302;1.54454398209221
154361-50-9;Capecitabine;-0.630611156762327;1.27827373101436
1380575-43-8;LDK378 (dihydrochloride);-0.62870340836473;0.617510459110697
20537-88-6;Amifostine;-0.626508701455865;1.95511287249369
6004-24-6;Cetylpyridinium (chloride monohydrate);-0.625957971231676;1.65066742940046
475207-59-1;Sorafenib (Tosylate);-0.624431647017807;2.01256747870948
22494-42-4;Diflunisal;-0.622897636062202;1.72616190231474
1211441-98-3;LEE011;-0.61870592411423;1.95862554040438
479-92-5;Propyphenazone;-0.616213684485991;1.9357695980781
107007-99-8;Granisetron (Hydrochloride);-0.61425406392154;1.89368011358173
306-07-0;Pargyline (hydrochloride);-0.611767929326868;1.43171102328638
69304-47-8;Brivudine;-0.609904626810799;1.77224236815435
143491-57-0;Emtricitabine;-0.607941272930197;1.42546997820395
871700-17-3;Trametinib;-0.603035784462043;1.88009224518098
36322-90-4;Piroxicam;-0.600792158505069;1.82834385696674
182431-12-5;Lomitapide;-0.594136735404055;1.85075595147317
405165-61-9;Besifloxacin (Hydrochloride);-0.590721346079178;1.40888161364627
115256-11-6;Dofetilide;-0.588405402846202;1.58332947852602
849217-68-1;Cabozantinib;-0.579004634092272;1.78895830766405
11006-34-1;Chlorophyllin (sodium copper salt);-0.577379479940472;1.62017401836365
183319-69-9;Erlotinib (Hydrochloride);-0.576993369517201;1.75798470903415
1204313-51-8;Icotinib (Hydrochloride);-0.571540881073333;1.23051218811853
184475-55-6;Gefitinib (hydrochloride);-0.56806432452276;1.88071626759972
609799-22-6;Tasimelteon;-0.564734837056467;1.65444150824183
144143-96-4;Eprosartan (mesylate);-0.563628233201353;0.48297930027168
84625-61-6;Itraconazole;-0.562167172842807;1.31835792587693
71125-38-7;Meloxicam;-0.559989480158499;1.50801773886108
850649-62-6;Alogliptin (Benzoate);-0.559390912395537;1.44942259600327
918504-65-1;Vemurafenib;-0.555277910969725;1.77592810433467
202138-50-9;Tenofovir (Disoproxil Fumarate);-0.553092764418058;1.45067854206106
33419-42-0;Etoposide;-0.54512486119622;1.72604370031459
1263-89-4;Paromomycin (sulfate);-0.539542342485089;1.5702244578721
74711-43-6;Zaltoprofen;-0.539468666941315;1.22524317489742
624-49-7;Dimethyl fumarate;-0.537537835226916;1.52238426808085
444731-52-6;Pazopanib;-0.53634114761405;1.60788845901003
61336-70-7;Amoxicillin (trihydrate);-0.536205661418716;1.5514332177762
21829-25-4;Nifedipine;-0.535975784741658;1.44079192291218
1374639-79-8;LEE011 (succinate hydrate);-0.534938161893298;1.75357614337144
872728-81-9;Dabigatran etexilate (mesylate);-0.532498528005565;1.53481963238458
903576-44-3;Pitolisant (hydrochloride);-0.529680625459155;1.45291178495081
522-48-5;Tetrahydrozoline (hydrochloride);-0.518266933501576;1.24840380980077
68767-14-6;Loxoprofen;-0.51794324371375;1.12812429955432
119302-91-9;Rocuronium (Bromide);-0.51709663608565;1.54066972704751
521-74-4;Broxyquinoline;-0.507871971933336;1.19566344866595
528-92-7;Apronal;-0.499394750513852;1.36855680332772
132866-11-6;Lercanidipine (hydrochloride);-0.498373705629391;1.64854572724719
56796-39-5;Cefmetazole (sodium);-0.495084043237512;0.805485682818912
1617-90-9;Vincamine;-0.494677263206458;1.24005282745173
446-86-6;Azathioprine;-0.494491781758095;1.38987715067048
417716-92-8;Lenvatinib;-0.490267061292101;1.34889623680913
82571-53-7;Ozagrel;-0.490061746107166;1.42091800385091
97322-87-7;Troglitazone;-0.484988986923188;0.981118376589021
57149-07-2;Naftopidil;-0.483725624055512;1.57214438159563
155148-31-5;Plerixafor (octahydrochloride);-0.479952813569255;1.55109592525389
183204-72-0;Tipiracil (hydrochloride);-0.479611475495267;1.51930150456582
96946-42-8;Cisatracurium (besylate);-0.473660161847413;1.36052935025457
98717-15-8;Ropivacaine hydrochloride;-0.47308417315775;1.45099178451788
550-99-2;Naphazoline (hydrochloride);-0.472043764723739;1.26945270584569
51022-70-9;Salbutamol (hemisulfate);-0.470160804430292;1.28003518119268
1190307-88-0;PSI-7977;-0.468277872843595;1.19503716570993
52-01-7;Spironolactone;-0.464576230489326;1.36981125082858
142340-99-6;Adefovir dipivoxil;-0.462127424933367;1.34511995653139
938448-87-4;Bucladesine (calcium salt);-0.460748272486828;1.14723602642395
58-71-9;Cephalothin (sodium);-0.452440496751895;1.2750819494183
118288-08-7;Lafutidine;-0.451217012453664;0.947590703255318
50370-12-2;Cefadroxil;-0.45105439494309;1.03274948271606
111406-87-2;Zileuton;-0.449700834125095;0.94267054332619
37091-65-9;Azlocillin (sodium salt);-0.448742200557788;1.33175510727103
201530-41-8;Deferasirox;-0.447975727794313;1.34614093407024
388082-77-7;Lapatinib (ditosylate);-0.444694143086484;1.28760601422249
81732-46-9;Bambuterol (hydrochloride);-0.444450171180876;1.32876961761556
167221-71-8;Clevidipine;-0.443595005864724;1.23547111455835
81103-11-9;Clarithromycin;-0.443239613580963;1.44990194408917
737-31-5;Sodium diatrizoate;-0.44308284731301;1.28720533003559
75438-57-2;Moxonidine;-0.441611612244437;0.988404300643407
1195768-06-9;Dabrafenib (Mesylate);-0.440453728293865;1.2717873127822
16051-77-7;Isosorbide mononitrate;-0.438194917250438;1.37918968836033
29767-20-2;Teniposide;-0.437532952139244;1.43531546866661
83-12-5;Phenindione;-0.436628260819846;0.979161125331464
140678-14-4;Mangafodipir (trisodium);-0.434839503473249;0.881065658501354
171228-49-2;Posaconazole;-0.433916745017884;1.67784224276287
146464-95-1;Pralatrexate;-0.433272122966342;1.28759914521981
116209-55-3;Levobetaxolol (hydrochloride);-0.431617106502522;1.09785082217922
379270-38-9;GS-7340 (fumarate);-0.427676994320553;0.942899788734226
760937-92-6;Teneligliptin;-0.426199598065319;1.15018736945973
55981-09-4;Nitazoxanide;-0.425391876759924;1.18782578846155
532-11-6;Anethole (trithione);-0.423395787999343;1.12038906153639
97682-44-5;Irinotecan;-0.418506091221256;1.09024713461698
42971-09-5;Vinpocetine;-0.41786379229488;1.21983632173788
79794-75-5;Loratadine;-0.417809312966598;1.30653922392425
596-51-0;Glycopyrrolate;-0.41768102226695;1.24421046351283
103177-37-3;Pranlukast;-0.415851484145733;0.974894139353083
127-48-0;Trimethadione;-0.41482792140921;0.999135218252506
136572-09-3;Irinotecan (hydrochloride trihydrate);-0.414661322637493;1.23702281992623
6160-12-9;(-)-Sparteine (sulfate pentahydrate);-0.41411960864375;1.36263459804301
163521-08-2;Vilazodone (Hydrochloride);-0.411185533768833;1.10761192903266
847871-99-2;Lenalidomide (hemihydrate);-0.411094353978658;1.08675533015669
24280-93-1;Mycophenolic acid;-0.409560563746523;1.24928697933682
144-74-1;Sulfathiazole (sodium);-0.408704211141393;1.04245247724091
23964-57-0;Articaine (hydrochloride);-0.406932007367582;1.0396139856613
39831-55-5;Amikacin (sulfate);-0.406392475892233;1.14346022486589
98319-26-7;Finasteride;-0.405229281029128;1.08243210254214
82586-55-8;Quinapril (hydrochloride);-0.404160817797228;1.05932969402103
55-56-1;Chlorhexidine;-0.403467912915592;1.16909745247207
516-35-8;Taurochenodeoxycholic acid;-0.401896704108857;0.789430905482524
236395-14-5;Eslicarbazepine (acetate);-0.400740596200099;0.882508599191394
122547-49-3;Faropenem sodium;-0.399992508572521;1.24762715115556
63-74-1;Sulfanilamide;-0.399740100838182;1.18068429210869
75706-12-6;Leflunomide;-0.397302659069312;1.14911949430483
969-33-5;Cyproheptadine (hydrochloride);-0.396465399824911;0.991958981196504
60-80-0;Antipyrine;-0.39621738898555;0.879453876811372
68-41-7;D-Cycloserine;-0.395566812531568;1.03759215300793
923978-27-2;Elafibranor;-0.394879849276819;1.41769699165852
5593-20-4;Betamethasone dipropionate;-0.39380795856433;1.10039077119842
590-46-5;Betaine (hydrochloride);-0.393281001692452;0.993337433932893
98079-52-8;Lomefloxacin (hydrochloride);-0.392101006878707;1.246694132413
68-19-9;Vitamin B12;-0.390335037692646;1.16241171525468
127779-20-8;Saquinavir;-0.383360205358743;1.42512806602232
138926-19-9;Ibandronate (Sodium Monohydrate);-0.381766384177195;0.892745548970504
7554-65-6;Fomepizole;-0.381601983915753;0.97161236360088
150915-40-5;Tirofiban (hydrochloride monohydrate);-0.380727885450809;0.817679072096545
2557-49-5;Diflorasone;-0.380002144038958;1.20754280665231
134678-17-4;Lamivudine;-0.379896661154837;0.774597456815213
843663-66-1;Bedaquiline;-0.378109035311622;1.13443945341931
26921-17-5;(S)-Timolol (Maleate);-0.377880186801878;0.971466720133392
78415-72-2;Milrinone;-0.37729559478099;0.90442258949626
477600-75-2;Tofacitinib;-0.376568564500157;1.19288664853924
3160-91-6;Moroxydine (hydrochloride);-0.376469807310332;0.882556701106612
16208-51-8;Dimesna;-0.374243588132371;1.15201307585108
6284-40-8;Meglumine;-0.374078224742346;0.869182201077425
184475-35-2;Gefitinib;-0.373433844492805;1.12475763087413
99464-64-9;Ampiroxicam;-0.36933755675941;0.960849466992545
364-62-5;Metoclopramide;-0.367889527970997;0.824847629251218
3286-46-2;Sulbutiamine;-0.365633957959864;0.963190680599628
723-46-6;Sulfamethoxazole;-0.362748757520562;1.0291962016419
72432-03-2;Miglitol;-0.362305532951591;0.882660734869921
136434-34-9;Duloxetine (hydrochloride);-0.357831786625357;0.800414194421438
856676-23-8;Choline Fenofibrate;-0.357047505164482;0.783654525049291
521-78-8;Trimipramine (maleate);-0.357024667258982;0.981197640448546
378-44-9;Betamethasone;-0.352404732562382;0.966068524001524
56287-74-2;Afloqualone;-0.3500070261081;0.99130865172334
153-18-4;Rutin;-0.349909833906973;1.12422626627741
152459-95-5;Imatinib;-0.348468555142032;0.868043252407337
106308-44-5;Rufinamide;-0.347980958734341;0.771224207075059
100286-90-6;Irinotecan (hydrochloride);-0.346692318134247;0.690184606070617
302-79-4;Retinoic acid;-0.345977290056088;0.869451579282417
132203-70-4;Cilnidipine;-0.344481893717004;1.14492707984293
66-84-2;Glucosamine (hydrochloride);-0.342553171449009;0.596478220957291
17321-77-6;Clomipramine (hydrochloride);-0.341276410967772;0.419922547422666
56238-63-2;Cefuroxime (sodium);-0.340054173425038;0.831129042755975
503612-47-3;Apixaban;-0.338976975455068;0.647244443469724
189954-96-9;Firocoxib;-0.338624787935562;0.786687040383691
641571-10-0;Nilotinib;-0.337760939965802;0.54187068215704
81110-73-8;Racecadotril;-0.337735407633537;0.750741296760459
211427-08-6;Diquafosol (tetrasodium);-0.334708848922097;1.00416499257762
3810-74-0;Streptomycin (sulfate);-0.331391362481953;1.01187931771927
618385-01-6;Vorapaxar;-0.329420929138897;0.935297277066185
1009119-64-5;Daclatasvir;-0.329411068056242;0.886940064390092
138199-71-0;Levofloxacin (hydrate);-0.329298282443014;1.02441008781436
29608-49-9;Almitrine mesylate;-0.328317890998512;0.953168913801144
361442-04-8;Saxagliptin;-0.32770424848502;0.987401345519695
15686-71-2;Cephalexin;-0.326936539899612;0.900445671941774
1722-62-9;Mepivacaine (hydrochloride);-0.325415787948753;0.598139112980824
538-71-6;Domiphen (bromide);-0.324386060634186;0.672151303229554
123663-49-0;Iguratimod;-0.322542132275028;0.974126772986506
49562-28-9;Fenofibrate;-0.321249514115143;0.966786684571392
166663-25-8;Anidulafungin;-0.320226370269196;0.733963788293959
163680-77-1;Pazufloxacin (mesylate);-0.319618277065814;0.873969151746199
59937-28-9;Malotilate;-0.318388655528556;0.959796918568162
915087-33-1;Enzalutamide;-0.317030695789311;0.847059407246231
26016-98-8;Fosfomycin (calcium);-0.315093203286504;0.633230837389921
478296-72-9;Gabapentin enacarbil;-0.312266730196789;0.605825328914341
536-33-4;Ethionamide;-0.312265036278495;0.855327792634345
51940-44-4;Pipemidic acid;-0.311138140118739;0.909570990955296
81-81-2;Warfarin;-0.310832966394647;0.61227847386415
850140-72-6;Afatinib;-0.30727250459187;0.764641639103834
145781-92-6;Goserelin (acetate);-0.306134733345909;0.883039985079178
16994-56-2;Reserpine (hydrochloride);-0.304839712166179;0.942672630269472
523-87-5;Dimenhydrinate;-0.304787557169677;0.813612604665113
52-51-7;Bronopol;-0.304590459466686;0.877930332733592
57-91-0;Alpha-Estradiol;-0.30325115911263;0.764288320362352
141977-79-9;Miriplatin;-0.301550734094471;0.695262982558975
58-55-9;Theophylline;-0.301280313342036;0.833016391766345
520-85-4;Medroxyprogesterone;-0.301129694244691;0.743434976731952
5053-08-7;Fenspiride (Hydrochloride);-0.300805920138698;0.67828099348173
157810-81-6;Indinavir (sulfate);-0.299583067314208;0.929573049392765
69-52-3;Ampicillin (sodium);-0.297467265641501;0.83579446556048
120011-70-3;Donepezil (Hydrochloride);-0.29665874565715;0.843435863283449
173334-58-2;Aliskiren (hemifumarate);-0.294178533920717;0.682923437904987
60-56-0;Methimazole;-0.293554739494348;0.475221588258223
58-28-6;Desipramine hydrochloride;-0.292505773088913;0.825577573140298
172152-36-2;Ilaprazole;-0.291801758139766;0.532296502633357
53179-09-2;Sisomicin (sulfate);-0.291733773341612;0.888408041721058
379270-37-8;GS-7340;-0.291709606714711;0.762647153428626
145040-37-5;Candesartan (Cilexetil);-0.28963313402197;0.866203910572649
144689-63-4;Olmesartan (medoxomil);-0.2892771142001;0.725503116086986
141505-33-1;Levosimendan;-0.288455921486902;0.618025860321636
322-79-2;Triflusal;-0.287232129455087;0.771412989734759
22888-70-6;Silibinin;-0.284745371184745;0.751437772145062
144701-48-4;Telmisartan;-0.283343883267291;0.760819657414906
220127-57-1;Imatinib (Mesylate);-0.281811294204597;0.910060738113254
145525-41-3;Mitiglinide (Calcium);-0.281239725003232;0.719964002311287
14636-12-5;Terlipressin;-0.28043063934018;0.834566760065844
98418-47-4;Metoprolol (Succinate);-0.280373361575366;0.790407639409325
6893-02-3;3,3',5-Triiodo-L-thyronine;-0.279921630364536;0.788638581425752
527-07-1;Gluconate (sodium);-0.279169935074176;0.904075407681863
976-71-6;Canrenone;-0.277811100629553;0.692917792684792
25812-30-0;Gemfibrozil;-0.277365325373185;0.501608442386024
97-59-6;Allantoin;-0.276222243506577;0.623539931180805
1163-36-6;Clemizole (hydrochloride);-0.275542961170032;0.631694435681829
120-51-4;Benzyl benzoate;-0.274995245330901;0.649609055966532
104344-23-2;(Â±)-Bisoprolol (hemifumarate);-0.274872213441005;0.554669085171598
29868-97-1;Pirenzepine (dihydrochloride);-0.274590389325654;0.552134010098696
363-24-6;Prostaglandin E2;-0.272610230466165;0.581928217766584
751-94-0;Fusidic acid (sodium salt);-0.272427761408686;0.628511905547375
84680-54-6;Enalaprilat (dihydrate);-0.272227314568443;0.803487033134255
1837-57-6;Ethacridine (lactate);-0.270382276231011;0.708489153447134
183321-74-6;Erlotinib;-0.269706376794446;0.647265085394657
220119-17-5;Selamectin;-0.269538121112365;0.804272415255056
224785-91-5;Vardenafil (hydrochloride);-0.269081799530319;0.683897938066927
57-66-9;Probenecid;-0.267411445697073;0.692526631226555
61718-82-9;Fluvoxamine (maleate);-0.265852900127592;0.489942153107324
51-42-3;L-Epinephrine (Bitartrate);-0.264872930230625;0.602940199857998
33286-22-5;Diltiazem (hydrochloride);-0.264265606852264;0.570029524274187
60282-87-3;Gestodene;-0.262957867714327;0.754033817142081
479-18-5;Diphylline;-0.261381306310432;0.663161068032154
129497-78-5;Verteporfin;-0.26093769376253;0.532890445271703
201677-61-4;Sivelestat (sodium tetrahydrate);-0.258687237910498;0.669672241889994
2438-72-4;Bufexamac;-0.258305724435013;0.613365802887415
54048-10-1;Etonogestrel;-0.258266118370577;0.415752429753573
91832-40-5;Cefdinir;-0.257957340541558;0.768616103802642
3685-84-5;Meclofenoxate (hydrochloride);-0.256492587064938;0.716471371878411
130-95-0;Quinine;-0.256174683804647;0.582993769122611
150399-23-8;Pemetrexed (disodium);-0.254700821002063;0.430819554818308
842133-18-0;Canagliflozin;-0.254645420568692;0.66009807363728
53797-35-6;Ribostamycin (sulfate);-0.254467676165884;0.746739724467835
77-67-8;Ethosuximide;-0.253530030051108;0.752221654138362
13292-46-1;Rifampicin;-0.253428542020213;0.704252404320406
122795-43-1;Gadodiamide (hydrate);-0.252193270580652;0.749897965959205
64-65-3;Bemegride;-0.250067795356665;0.509053785095055
518048-05-0;Raltegravir;-0.249642275214205;0.69954957875947
129618-40-2;Nevirapine;-0.248882243209559;0.66344431659565
60628-96-8;Bifonazole;-0.24686323886532;0.697761688520697
83881-52-1;Cetirizine (dihydrochloride);-0.244433222808355;0.723388468290723
73232-52-7;Methylnaltrexone (Bromide);-0.244011708436773;0.586948978771544
118292-40-3;Tazarotene;-0.242855356013275;0.594349880558853
242478-38-2;Solifenacin (Succinate);-0.242841615248894;0.507999376786422
5728-52-9;Felbinac;-0.242094915118885;0.599221417287964
856867-55-5;Tedizolid (phosphate);-0.241554953192148;0.650435726561886
33386-08-2;Buspirone (hydrochloride);-0.239081594403484;0.534646011349266
138402-11-6;Irbesartan;-0.238054168793373;0.444241299639681
483-63-6;Crotamiton;-0.236995292411703;0.733282816416295
1137608-69-5;LX1606 (Hippurate);-0.235926386423091;0.419115825996546
80214-83-1;Roxithromycin;-0.235017313370356;0.615657036179407
208538-73-2;Micafungin (sodium);-0.234830295458402;0.569627273932697
3166-62-9;Methylbenactyzium Bromide;-0.234447917997219;0.682910133993688
59804-37-4;Tenoxicam;-0.233679462060463;0.458833779837862
21736-83-4;Spectinomycin (dihydrochloride);-0.233055259714129;0.552112742953324
2451-01-6;Terpin (hydrate);-0.232776609274757;0.632975456487073
282526-98-1;Cetilistat;-0.232628589076165;0.631195655445386
104632-25-9;Pramipexole (dihydrochloride);-0.232488830994429;0.683815084714932
1115-70-4;Metformin (hydrochloride);-0.232371276413528;0.689667506574937
42057-22-7;Mezlocillin (sodium);-0.231590472943721;0.60265906917109
64-73-3;Demeclocycline (hydrochloride);-0.231385895097313;0.380524495228187
59703-84-3;Piperacillin (sodium);-0.228595376903862;0.556470682403978
115956-12-2;Dolasetron;-0.227830251627158;0.303455588932869
140462-76-6;Olopatadine (hydrochloride);-0.227552876483441;0.499661885564012
100986-85-4;Levofloxacin;-0.226403827308421;0.385189470208451
122111-03-9;Gemcitabine (Hydrochloride);-0.225591830340689;0.653032808509387
394730-60-0;Boceprevir;-0.225089668358907;0.472110209180457
4342-03-4;Dacarbazine;-0.224776220577103;0.55851891757467
64872-77-1;Butoconazole (nitrate);-0.222774564597946;0.484006376941417
577778-58-6;Topiroxostat;-0.222273386681693;0.478498342179945
54-96-6;Pyridine-3,4-diamine;-0.221969777149598;0.644815870888787
21898-19-1;Clenbuterol (hydrochloride);-0.221439385479603;0.457697625236779
1977-10-2;Loxapine;-0.221164781025057;0.603305299962866
50-27-1;Estriol;-0.220861498510466;0.512632105794877
94749-08-3;Salmeterol (xinafoate);-0.21973150721147;0.56326368747555
58-39-9;Perphenazine;-0.219112741307997;0.388900687831903
2438-32-6;Dexchlorpheniramine (maleate);-0.217482738742486;0.543748119705294
77-92-9;Citric acid;-0.216998055720924;0.535639523722177
224452-66-8;Retapamulin;-0.215676412000497;0.372709066019315
121268-17-5;Alendronate (sodium hydrate);-0.215269935859058;0.639460200004846
179474-85-2;Prucalopride (succinate);-0.21249589290319;0.363961777525282
183133-96-2;Cabazitaxel;-0.21139783647257;0.602745350675016
64953-12-4;Moxalactam (sodium salt);-0.208782587378641;0.543557090159218
102518-79-6;(-)-Huperzine A;-0.207467347234238;0.380252574246191
9002-96-4;Tocofersolan;-0.20735972925643;0.644976076201391
21462-39-5;Clindamycin (hydrochloride);-0.206790729268436;0.457997987164004
22232-54-8;Carbimazole;-0.20603525234419;0.457418037365959
83480-29-9;Voglibose;-0.204876703459963;0.46447388816707
80-49-9;Homatropine (methylbromide);-0.203682674597547;0.255510046443042
117976-90-6;Rabeprazole (sodium);-0.202556612441233;0.596449238116438
123040-16-4;Azasetron (hydrochloride);-0.20254537438688;0.552056866116952
2753-45-9;Mebeverine (hydrochloride);-0.202360715154869;0.20417459151599
134-03-2;L-Ascorbic acid sodium salt;-0.202060934674011;0.320401765294933
1188-38-1;Carglumic Acid;-0.201104652934702;0.579037720365052
55-06-1;3,3',5-Triiodo-L-thyronine (sodium);-0.200861106246929;0.510544418160085
144598-75-4;Paliperidone;-0.200347939732994;0.457561099067591
147127-20-6;Tenofovir;-0.199680622106675;0.303843215064896
38304-91-5;Minoxidil;-0.199557050819544;0.451636319362758
550-83-4;Propoxycaine (hydrochloride);-0.198501858241036;0.562203979829741
133-67-5;Trichlormethiazide;-0.197689870013126;0.591071832480696
82419-36-1;Ofloxacin;-0.197314684266464;0.533003337729495
304-20-1;Hydralazine (hydrochloride);-0.196983571593134;0.522995627209045
59-97-2;Tolazoline (hydrochloride);-0.196720413061063;0.52944805861181
119793-66-7;Levocarnitine propionate (hydrochloride);-0.193639431770293;0.469647442364926
519-37-9;Etofylline;-0.192540277998526;0.351356552079797
827022-33-3;Palbociclib (isethionate);-0.192501703693918;0.504554928413921
224624-80-0;Miridesap;-0.190885959607463;0.556466252297505
144675-97-8;Pixantrone (dimaleate);-0.190016497692064;0.332902204183755
142-47-2;L-Glutamic acid monosodium salt ;-0.189716496597979;0.537613634550383
6809-52-5;Teprenone;-0.188425843407419;0.52693955692779
180468-39-7;Solifenacin (hydrochloride);-0.187825676737794;0.183204837064532
21679-14-1;Fludarabine;-0.18763128743776;0.71648057630595
5086-74-8;Tetramisole (hydrochloride);-0.187607290938234;0.539240760753008
2192-20-3;Hydroxyzine (dihydrochloride);-0.186795475838588;0.451665357447102
1502654-87-6;Ledipasvir (D-tartrate);-0.186697466343014;0.247771999524395
56-91-7;4-(Aminomethyl)benzoic acid;-0.186317894037105;0.405268260269653
105628-72-6;Hydroxyfasudil;-0.186202917425974;0.454895340895539
17528-72-2;Tetrahydrobiopterin;-0.186198995699767;0.37969237330899
69655-05-6;Didanosine;-0.183734407221464;0.256842942802269
1405-10-3;Neomycin (sulfate);-0.183592598437286;0.410985911276832
5633-20-5;Oxybutynin;-0.182328509688411;0.506945315580614
27262-48-2;Levobupivacaine (hydrochloride);-0.179571720869312;0.382951358060932
85622-93-1;Temozolomide;-0.179391929633914;0.424381992735903
103766-25-2;Gimeracil;-0.178141285954259;0.484823715119451
1033805-22-9;LX1606;-0.177649309761594;0.380712937791404
151823-14-2;Sapacitabine;-0.175857031844371;0.328295688541526
88889-14-9;Fosinopril (sodium);-0.174898907705547;0.409323350157395
85650-57-3;Setiptiline (maleate);-0.174669754078259;0.382180430847768
54-21-7;Sodium Salicylate;-0.173625935538807;0.379602317659197
68497-62-1;Pramiracetam;-0.173519464653993;0.464484955673572
386750-22-7;Desvenlafaxine (succinate hydrate);-0.172047341331665;0.413735843434744
936623-90-4;LCZ696;-0.171756558115668;0.509342045289204
19237-84-4;Prazosin (hydrochloride);-0.171288618891671;0.433670416845535
33996-33-7;Oxaceprol;-0.170206659145021;0.470106750429759
86541-74-4;Benazepril (hydrochloride);-0.170106014337068;0.382593508826442
19171-19-8;Pomalidomide;-0.1700087074847;0.449667975450223
936563-96-1;PCI-32765;-0.16926943100573;0.313358403225076
15421-84-8;Trapidil;-0.168335279650955;0.469505857133413
496775-62-3;Eltrombopag (Olamine);-0.168042176953195;0.466027534327935
59-30-3;Folic acid;-0.166310609518219;0.320609018004453
28319-77-9;sn-Glycero-3-phosphocholine;-0.165966070862073;0.452258859792354
154-42-7;6-Thioguanine;-0.165943898490507;0.754849119216765
101-26-8;Pyridostigmine (bromide);-0.165459246569181;0.277460668127867
50-65-7;Niclosamide;-0.165308998624226;0.365475720485791
302-22-7;Chlormadinone (acetate);-0.165295592772247;0.425278374837797
35457-80-8;Midecamycin;-0.163132575398619;0.383963454278529
103060-53-3;Daptomycin;-0.16307595947555;0.418032251114243
169590-41-4;Deracoxib;-0.159450184616109;0.341849954783237
223652-90-2;Garenoxacin (Mesylate hydrate);-0.158416441610698;0.290508071754861
77472-70-9;Phenylpiracetam;-0.158264019020275;0.348130350055446
156-51-4;Phenelzine (sulfate);-0.157998387345152;0.437831650213073
50-23-7;Hydrocortisone;-0.157943795077081;0.448267412014356
67-73-2;Fluocinolone (Acetonide);-0.157632922577754;0.384260554413386
130929-57-6;Entacapone;-0.15515030022072;0.324149444676134
1441674-54-9;Ledipasvir (acetone);-0.154531262490272;0.379711582555587
30652-11-0;Deferiprone;-0.153815705551919;0.174994576066067
87333-19-5;Ramipril;-0.153482557703111;0.306306095730069
78246-49-8;Paroxetine (hydrochloride);-0.152480073689542;0.316315779589449
68-96-2;17-Hydroxyprogesterone;-0.151009383071379;0.281422052075706
546-88-3;Acetohydroxamic acid;-0.150680260192694;0.399899052244949
928672-86-0;Canagliflozin (hemihydrate);-0.149909318966878;0.293029456820563
174671-46-6;AN-2690;-0.149752885761818;0.379130108111366
70458-95-6;Pefloxacin (mesylate);-0.14970539076407;0.434052106270461
81098-60-4;Cisapride;-0.149606755531953;0.334014060073168
71675-85-9;Amisulpride;-0.149527263270415;0.210979977987087
19562-30-2;Piromidic acid;-0.149245998397149;0.405761453209997
111025-46-8;Pioglitazone;-0.148642526167788;0.265170381811078
51037-30-0;Acipimox;-0.14708563183813;0.381967026211834
51-98-9;Norethindrone acetate;-0.144846312177201;0.305353078571355
3056-17-5;Stavudine;-0.14462048054119;0.337391654258981
122647-32-9;Ibutilide (fumarate);-0.143606955803083;0.344629400354933
82382-23-8;Sulconazole (nitrate);-0.143470037541731;0.259895136457614
156-57-0;Cysteamine (Hydrochloride);-0.143243627456989;0.277902591709437
15307-86-5;Diclofenac;-0.142571650173012;0.313340849813386
211915-06-9;Dabigatran etexilate;-0.142300078878289;0.393956424584224
5370-01-4;Mexiletine (hydrochloride);-0.142167226473666;0.245838916870478
31677-93-7;Bupropion (hydrochloride);-0.141712664695637;0.180372200124386
111011-76-8;Efonidipine (hydrochloride monoethanolate);-0.141182681561257;0.367166534967719
154-69-8;Tripelennamine (hydrochloride);-0.140435965172869;0.322370875038952
1476-53-5;Novobiocin (Sodium);-0.14015076070462;0.344517029217406
27164-46-1;Cefazolin (sodium);-0.140080123591255;0.368884470063533
747-36-4;Hydroxychloroquine sulfate;-0.140069805470621;0.233642770130998
554-57-4;Methazolamide;-0.138944500025752;0.312166607082223
26787-78-0;Amoxicillin;-0.138659060262962;0.337216318535338
23327-57-3;Nefopam (hydrochloride);-0.138331167692446;0.3371407765743
51-60-5;Neostigmine (methyl sulfate);-0.138228083277455;0.374893426523499
1256388-51-8;Ledipasvir;-0.138104806577231;0.296927087566875
23288-49-5;Probucol;-0.137789313186092;0.223053219260189
97-77-8;Disulfiram;-0.137424449233853;0.394384094266143
81-23-2;Dehydrocholic acid;-0.136550587419824;0.241739714158658
165800-06-6;Zoledronic acid (monohydrate);-0.135809505493768;0.289804416441749
6398-98-7;Amodiaquin (dihydrochloride dihydrate);-0.135674865316788;0.329894170049562
50-99-7;Dextrose;-0.135670361106149;0.329449235362162
57-67-0;Sulfaguanidine;-0.135332801923467;0.369116227543719
364-98-7;3-Methyl-7-chloro-1,2,4-benzothiadiazine 1,1-dioxide;-0.135143648505217;0.337534581222906
274901-16-5;Vildagliptin;-0.135084243322964;0.318642072456651
108-46-3;Resorcinol;-0.135065447251604;0.307067488291453
396-01-0;Triamterene;-0.134342443904738;0.257060581471997
7491-74-9;Piracetam;-0.134191794753367;0.303071230123872
80433-71-2;Levoleucovorin (Calcium);-0.133105021187112;0.201955461714839
52-86-8;Haloperidol;-0.132317355748295;0.222505093564136
160970-54-7;Silodosin;-0.13155898659998;0.304788718260348
665-66-7;Amantadine (hydrochloride);-0.131289048489582;0.321506348568502
139110-80-8;Zanamivir;-0.131020627914292;0.288235595295697
94055-76-2;Suplatast (Tosilate);-0.130911879549685;0.347455299173575
138530-94-6;(R)-Lansoprazole;-0.126105402102037;0.273193690135055
70374-39-9;Lornoxicam;-0.125618405314588;0.276051268083421
41945-48-6;Sodium tauroglycocholate;-0.124812706308002;0.219548751348437
6112-76-1;6-Mercaptopurine hydrate;-0.124739982501737;0.302936747198374
1220-83-3;Sulfamonomethoxine;-0.124294180004578;0.344618983995455
1201913-82-7;Tofogliflozin (hydrate);-0.12417909076988;0.290384073564422
147098-20-2;Rosuvastatin (Calcium);-0.123217644058891;0.265762368823596
1953-04-4;Galanthamine (hydrobromide);-0.122876113958201;0.19665461150678
14919-77-8;Benserazide (hydrochloride);-0.12185657079178;0.300567144839275
65513-72-6;Glafenine (hydrochloride);-0.120556660187958;0.237472312624494
26807-65-8;Indapamide;-0.120329616250936;0.326554677808168
1070-11-7;Ethambutol (dihydrochloride);-0.120014536542138;0.271577852929243
3440-28-6;Betamipron;-0.118788708797408;0.262461267235138
6506-37-2;Nimorazole;-0.118327640263389;0.314473815953927
58-94-6;Chlorothiazide;-0.118268670902583;0.263582860443772
82410-32-0;Ganciclovir;-0.118053174444995;0.243120370276469
72956-09-3;Carvedilol;-0.118020855345869;0.128068765811681
70356-09-1;Avobenzone;-0.117385814143184;0.2125864025165
52432-72-1;Oxeladin (citrate);-0.116813001829392;0.236343998925133
226256-56-0;Cinacalcet;-0.116410637244424;0.284475157211819
117467-28-4;Cefditoren (Pivoxil);-0.115460278499199;0.212711354503368
621-72-7;Bendazol;-0.114746597022313;0.289941977350266
107133-36-8;Perindopril (erbumine);-0.114130673831728;0.222255387545421
127-69-5;Sulfisoxazole;-0.113588437182557;0.199176147854626
6054-98-4;Olsalazine (Disodium);-0.113343124072877;0.2704230682318
1084-65-7;Meticrane;-0.112598286186784;0.270189491794674
88150-42-9;Amlodipine;-0.112197224152014;0.265372954355154
610798-31-7;Icotinib;-0.112171685217396;0.279495647269297
74381-53-6;Leuprolide Acetate;-0.111975992542035;0.244099073814755
850140-73-7;Afatinib (dimaleate);-0.11148545937226;0.49123942514076
543-15-7;Heptaminol (hydrochloride);-0.111433039644647;0.26105449059596
87771-40-2;Ioversol;-0.111008321401578;0.575058946584458
30484-77-6;Flunarizine (dihydrochloride);-0.110922473921239;0.260909775659986
82956-11-4;Nafamostat (mesylate);-0.109958092395827;0.284880481067336
28395-03-1;Bumetanide;-0.109755734243967;0.267049618149667
27591-69-1;Tilorone (dihydrochloride);-0.109707139903609;0.187224830424903
63-45-6;Primaquine (Diphosphate);-0.109460096573936;0.218659976953869
112885-42-4;Mosapride (citrate);-0.109310332875069;0.159656907740709
113981-44-5;Cefozopran (hydrochloride);-0.108971985963187;0.216151054159545
91599-74-5;Benidipine (hydrochloride);-0.108702070790832;0.252567571966882
50-42-0;Adiphenine (hydrochloride);-0.108621867334693;0.266744494744214
130952-46-4;Ozagrel (sodium);-0.108589614802369;0.279245713608196
82009-34-5;Cilastatin;-0.107952068049584;0.278055978931646
127-56-0;Sulfacetamide (Sodium);-0.105568507074651;0.207947777462986
163451-81-8;Teriflunomide;-0.105218205158601;0.259820243789488
106516-24-9;Sertindole;-0.104817748126529;0.1138622106269
93479-97-1;Glimepiride;-0.103582731173512;0.194876273306839
132-18-3;Diphenylpyraline (hydrochloride);-0.103371767016474;0.191486549211723
1151516-14-1;Lesinurad (sodium);-0.102980096379133;0.179753113390827
63968-64-9;Artemisinin;-0.101479232921102;0.23219519726682
209216-23-9;Entecavir (monohydrate);-0.100875046739418;0.249583624169458
1156-19-0;Tolazamide;-0.0996302113105667;0.201133122454044
145108-58-3;Dexmedetomidine (hydrochloride);-0.0995836628011196;0.188979941058955
137234-62-9;Voriconazole;-0.0993424767797971;0.231356775730007
318-98-9;Propranolol (hydrochloride);-0.0990296144148725;0.130805438221033
56-53-1;Diethylstilbestrol;-0.0975322173710067;0.19853492487411
56-59-7;Felypressin;-0.0971920961729141;0.224096381994356
190786-44-8;Bepotastine (Beslilate);-0.0969740180592948;0.250036896427299
66104-23-2;Pergolide (mesylate);-0.0966562632479092;0.225903471389104
53716-49-7;Carprofen;-0.0959100286269525;0.112545963823795
1415560-69-8;Crizotinib (hydrochloride);-0.0958387065698222;0.182675549079515
153559-49-0;Bexarotene;-0.0956173371154787;0.158730361184559
53-60-1;Promazine (hydrochloride);-0.0948937039513017;0.151525229328961
90357-06-5;Bicalutamide;-0.0946856774605217;0.20894420037415
77-38-3;Chlorphenoxamine;-0.0941019992209527;0.143363566365279
103577-45-3;Lansoprazole;-0.0933755124582058;0.237707483852
147-24-0;Diphenhydramine (hydrochloride);-0.0932701670385026;0.224897178148613
100299-08-9;Pemirolast (potassium);-0.0929532095894283;0.195577209235197
91374-20-8;Ropinirole (hydrochloride);-0.0928282816535975;0.190248480180283
245765-41-7;Ozenoxacin;-0.0927886423307592;0.241333020340234
51-56-9;Homatropine (Bromide);-0.092264556161169;0.197230666638776
54143-57-6;Metoclopramide (hydrochloride hydrate);-0.0912600080019369;0.212328500475424
198481-33-3;Bazedoxifene (acetate);-0.0911724122691343;0.238265618476292
15622-65-8;Molindone (hydrochloride);-0.0910276523736323;0.244141434769401
59122-46-2;Misoprostol;-0.090949912919839;0.172886568638475
274693-27-5;Ticagrelor;-0.0901738685519007;0.213511609513269
89396-94-1;Imidapril (hydrochloride);-0.0893123390831946;0.23370670400469
15826-37-6;Cromolyn (sodium);-0.0890863512764284;0.207339559110639
26750-81-2;Alibendol;-0.0883144815903355;0.132847422403947
968-81-0;Acetohexamide;-0.0882261880542976;0.192910632548634
128794-94-5;Mycophenolate Mofetil;-0.0876170853041992;0.185794268271076
64-72-2;Chlortetracycline (hydrochloride);-0.0856758282286896;0.143845025106219
117-10-2;Danthron;-0.0855592983588045;0.190850831005471
23672-07-3;Levosulpiride;-0.0854220197792682;0.167445167256295
1187431-43-1;Trametinib (DMSO solvate);-0.0843366954878046;0.178133117748226
508233-74-7;Vortioxetine;-0.082883199671577;0.143373412088389
154-93-8;Carmustine;-0.0828517561553526;0.21443272791205
59-05-2;Methotrexate;-0.082760165627081;0.249553098964794
1446502-11-9;Enasidenib;-0.0826433870857437;0.16930599380836
119478-56-7;Meropenem (trihydrate);-0.0824355071185947;0.141995952279932
121808-62-6;Pidotimod;-0.0806500212925333;0.11808617362586
2430-27-5;Valpromide;-0.0806377686513415;0.20834363026713
70359-46-5;UK 14,304 (tartrate);-0.0795102711624198;0.128162944923129
152-47-6;Sulfalene;-0.0789230561334245;0.174483753923567
366789-02-8;Rivaroxaban;-0.0783081282066907;0.138294807582113
6493-05-6;Pentoxifylline;-0.0779180873715417;0.187938651050734
2022-85-7;Flucytosine;-0.0773618013354674;0.149530794989868
3094-09-5;Doxifluridine;-0.0772119784540403;0.167596489592446
554-92-7;Trimethobenzamide hydrochloride;-0.0762413285190147;0.14994305220754
878672-00-5;Lesinurad;-0.0761744690652201;0.138182804354391
34381-68-5;Acebutolol (hydrochloride);-0.0760498102210648;0.193762664705979
123-99-9;Azelaic acid;-0.0743545007796082;0.12514338143291
75695-93-1;Isradipine;-0.0742118867493448;0.132445413861448
10049-83-9;Pyrithioxin (dihydrochloride);-0.0741698097276271;0.164863814558953
15307-79-6;Diclofenac (Sodium);-0.0740528877351135;0.148796300995473
6197-30-4;Octocrylene;-0.0738785895410436;0.157168103989296
595-33-5;Megestrol (Acetate);-0.0736048962968102;0.108930197045396
50-50-0;Estradiol (benzoate);-0.0733502889374536;0.12061631299364
50-28-2;Estradiol;-0.0728918228523367;0.183869857290495
61379-65-5;Rifapentine;-0.0701901453873467;0.157411414960167
67-03-8;Thiamine hydrochloride;-0.0697799615309791;0.135640742283577
6402-23-9;Ethacridine (lactate monohydrate);-0.0693530786714478;0.14517274168896
549-18-8;Amitriptyline (hydrochloride);-0.0692883227060659;0.127352918599313
89-25-8;Edaravone;-0.0688981577565915;0.111692062452665
1405-37-4;Capreomycin (sulfate);-0.0686878666290085;0.138181522387786
93793-83-0;Roxatidine (Acetate Hydrochloride);-0.0675073133127152;0.170143078107266
681492-22-8;Delamanid;-0.067073398690658;0.168006291179664
153504-70-2;Cevimeline (hydrochloride hemihydrate);-0.0650438585935949;0.0895084272457393
33818-15-4;Citicoline sodium salt;-0.0648938866878726;0.143898630520081
99-66-1;Valproic acid;-0.0646166209121829;0.128265295215474
59-87-0;Nitrofurazone;-0.063904632108987;0.116483659486068
775304-57-9;PTC124;-0.063811502655289;0.149281811809363
1218779-75-9;Apatinib;-0.0624844310978783;0.125756830201002
60142-95-2;Gabapentin (hydrochloride);-0.0623658419406019;0.143358863821653
122841-12-7;Cefoselis (sulfate);-0.0622160921006634;0.126201333536837
50-34-0;Propantheline (bromide);-0.0617283995572929;0.149383169658331
81403-80-7;Alfuzosin;-0.0612230563218425;0.142833900785563
22189-32-8;Spectinomycin (dihydrochloride pentahydrate);-0.0611672344061578;0.135625752444301
173334-57-1;Aliskiren;-0.0610535295576723;0.107223980565111
6620-60-6;Proglumide;-0.0609586962019779;0.120816074330841
3200-06-4;Naftidrofuryl (oxalate);-0.060803021732814;0.151226841147657
608141-41-9;Apremilast;-0.0602913853114662;0.142678304320384
124750-99-8;Losartan (potassium);-0.060066024791781;0.147616807661584
154229-18-2;Abiraterone (acetate);-0.0594063256690896;0.134290358541807
143388-64-1;Naratriptan (hydrochloride);-0.0585378013284823;0.111233188090653
87679-37-6;Trandolapril;-0.0573928015861569;0.12715887624048
19774-82-4;Amiodarone (hydrochloride);-0.0570350347848892;0.0864241790747042
1187594-09-7;Baricitinib;-0.0568763380826767;0.137249253817597
95-25-0;Chlorzoxazone;-0.0561393668212497;0.0783626046157107
62-51-1;Methacholine (chloride);-0.0560395901323396;0.12377510311827
118159-48-1;Bicyclol;-0.0556494677116606;0.13631910814826
148849-67-6;Ivabradine (hydrochloride);-0.0554390247272498;0.125319475085597
547-44-4;Sulfacarbamide;-0.0553204397816516;0.131552921265307
630-56-8;Hydroxyprogesterone caproate;-0.0547869530588708;0.132193830451832
100-51-6;Benzyl alcohol;-0.0542769800808697;0.112598355282985
136310-93-5;Tiotropium (Bromide);-0.0539375050054227;0.102662917166652
94497-51-5;Tamibarotene;-0.0538813041674807;0.0924455275170678
89786-04-9;Tazobactam;-0.0538134622383956;0.128999722667006
152-11-4;Verapamil (hydrochloride);-0.0526400311828484;0.125908441602823
98-96-4;Pyrazinamide;-0.0525070501018869;0.104304848207272
124-94-7;Triamcinolone;-0.051993283727367;0.111572863015543
530-78-9;Flufenamic acid;-0.0517460696549581;0.101211535876625
443913-73-3;Vandetanib;-0.0512669702068499;0.102699267511519
77-36-1;Chlorthalidone;-0.0511697503170165;0.0794178516146844
2809-21-4;Etidronic acid;-0.0510561467471614;0.106983985759298
268203-93-6;Udenafil;-0.0508949515333625;0.114661908422404
52-24-4;Thio-TEPA;-0.0501534018026093;0.120290632173384
320-67-2;5-Azacytidine;-0.0489542443668937;0.109114217403151
54527-84-3;Nicardipine (Hydrochloride);-0.048190638584106;0.0952324603412638
114977-28-5;Docetaxel;-0.0478050494394005;0.0773495905964732
109552-15-0;Pamidronate (disodium pentahydrate);-0.0473462453246033;0.0799370120950094
57-68-1;Sulfamethazine;-0.0472916720209689;0.0930745888038818
84294-96-2;Enoxacin (hydrate);-0.0467123326384899;0.100018462417134
105826-92-4;Tropisetron (Hydrochloride);-0.0465318018022268;0.0975594688448812
474-25-9;Chenodeoxycholic Acid;-0.0464326396630647;0.100288574295386
35543-24-9;Buflomedil (hydrochloride);-0.045945606983472;0.0723376644528933
19767-45-4;Mesna;-0.0458097895975667;0.068644333202815
22204-53-1;Naproxen;-0.0456810962667074;0.33404412570647
20098-14-0;Idramantone;-0.0456025436665547;0.0812256393352109
1229194-11-9;Edoxaban (tosylate monohydrate);-0.0449320125759539;0.0944528403772072
1397-89-3;Amphotericin B;-0.0447910352860366;0.0790925933126886
637-58-1;Pramocaine (hydrochloride);-0.0441112847720647;0.0867561357530399
2135-17-3;Flumethasone;-0.0437174671819635;0.0901687217938769
155558-32-0;Hydroxyfasudil (hydrochloride);-0.0431604948170401;0.0831990298587749
115436-72-1;Risedronate (sodium);-0.0427451316505193;0.0622095644420839
68-22-4;Norethindrone;-0.0424982847509742;0.09537632393796
1391054-02-6;Vigabatrin (Hydrochloride);-0.0414309288239911;0.067638709353387
33342-05-1;Gliquidone;-0.0409485288704013;0.0865730636433819
486460-32-6;Sitagliptin;-0.0406907536440016;0.0839350220256497
81131-70-6;Pravastatin (sodium);-0.0381505530990246;0.0903393919056458
532-43-4;Thiamine nitrate;-0.0377229461818566;0.0621566549748696
7081-53-0;Doxapram (hydrochloride hydrate);-0.0375963006800312;0.079805038007487
41340-25-4;Etodolac;-0.03737958164602;0.0615902513204241
98-92-0;Nicotinamide;-0.0364010528349054;0.0669385339180081
75330-75-5;Lovastatin;-0.0354455984536608;0.0863313058739348
64228-81-5;Atracurium (besylate);-0.0351958789830647;0.0721107683146614
432-60-0;Allylestrenol;-0.0349990649486506;0.0652845052427408
854001-07-3;Dasatinib (hydrochloride);-0.0348724639073423;0.081164453748647
1000025-07-9;Vadadustat;-0.034852778600479;0.0685549213588452
155-41-9;Methscopolamine (bromide);-0.0342252484126921;0.0532725787916548
112-38-9;10-Undecenoic acid;-0.033912023875313;0.0797643732262542
53164-05-9;Acemetacin;-0.0336071824563787;0.037002823810948
51-21-8;5-Fluorouracil;-0.0335692966911229;0.0708831244125287
53-86-1;Indomethacin;-0.0327645783397106;0.0605678668601698
113852-37-2;Cidofovir;-0.0326702615762625;0.0413690399826796
191114-48-4;Telithromycin;-0.0324276210658086;0.0415743102863621
149003-01-0;Dexrazoxane (Hydrochloride);-0.0320996037379466;0.058113572326824
1321-14-8;Sulfogaiacol;-0.0318287223738097;0.0640037843312506
51-77-4;Gefarnate;-0.0315447960624767;0.0712646679065147
78110-38-0;Aztreonam;-0.0313305378677147;0.0547863659072477
80474-14-2;Fluticasone (propionate);-0.0313101501060131;0.0505132720185452
38562-01-5;Dinoprost (tromethamine salt);-0.0310500936174906;0.0485242747154357
76963-41-2;Nizatidine;-0.0305823249555524;0.0678224455674593
140-64-7;Pentamidine (isethionate);-0.0294902418474804;0.0481939171719134
123524-52-7;Azelnidipine;-0.0291849582293015;0.0535009625449455
56211-40-6;Torsemide;-0.0288406536021467;0.0576943064035624
23031-32-5;Terbutaline (sulfate);-0.0276899294947952;0.057427869212964
102676-47-1;Fadrozole;-0.0276572699264213;0.0640328104540803
63659-19-8;Betaxolol (hydrochloride);-0.0273923761088889;0.0588072358014289
64-77-7;Tolbutamide;-0.027252901407551;0.0429437061389049
71320-77-9;Moclobemide;-0.0270685791349461;0.0428820614927634
137071-32-0;Pimecrolimus;-0.0268078798054583;0.0578642353847867
137862-53-4;Valsartan;-0.025814600629879;0.0430606500770493
79-61-8;Dichlorisone acetate;-0.0257319576682136;0.0568601361102655
97657-92-6;Latrepirdine (dihydrochloride);-0.0250614947233749;0.0471048613375717
109581-93-3;Tacrolimus (monohydrate);-0.0250188110021417;0.0473864963585858
6233-83-6;Oxytocin (acetate);-0.0240612470704219;0.0282678388652297
56-04-2;Methylthiouracil;-0.0236908600373714;0.0367757602327648
68813-55-8;Oxantel (pamoate);-0.0236418916596815;0.0520884424921763
753498-25-8;Indacaterol (maleate);-0.0232518670007645;0.0466691228204207
64-75-5;Tetracycline (hydrochloride);-0.0232171086254701;0.0232894332550446
141702-36-5;Faropenem daloxate;-0.0225627123632228;0.0535437872693746
59-26-7;Nikethamide;-0.0221707499670857;0.029456588975796
80012-43-7;Epinastine;-0.0219538524295489;0.0292340763593317
50700-72-6;Vecuronium (bromide);-0.0212779880120002;0.0397020131434329
28860-95-9;Carbidopa;-0.0208863589362375;0.0441153956277598
25389-94-0;Kanamycin (sulfate);-0.0203717471153687;0.0360781724418314
1421373-66-1;AZD-9291 (mesylate);-0.0197843220494899;0.0246451738192951
99011-02-6;Imiquimod;-0.0197130772763748;0.0364538837065472
3093-35-4;Halcinonide;-0.0196847790079535;0.0390507942675289
64506-49-6;Sofalcone;-0.0193681991110397;0.0150105417431158
856866-72-3;Tedizolid;-0.019103293654779;0.0439813415080194
1143-38-0;Dithranol;-0.01881609010272;0.0377675144359159
55079-83-9;Acitretin;-0.0187719740969792;0.0423560348642644
67392-87-4;Drospirenone;-0.0183789558843448;0.0164398642506483
3963-95-9;Methacycline (hydrochloride);-0.0178532203644757;0.035288215718402
99592-39-9;Sertaconazole (nitrate);-0.0174099636403791;0.0356638640545453
86386-73-4;Fluconazole;-0.0163828309291553;0.0340714671521204
79517-01-4;Octreotide (acetate);-0.0162429095358669;0.0342544614704281
611-75-6;Bromhexine (hydrochloride);-0.0154707949645997;0.0332019848886107
15318-45-3;Thiamphenicol;-0.0154023461976595;0.0317958711981599
150821-03-7;Pranlukast (hemihydrate);-0.0150765870517107;0.0252942543108625
298-57-7;Cinnarizine;-0.0146987219299977;0.0282691936092492
129938-20-1;Dapoxetine (hydrochloride);-0.0145117832323614;0.0131732604916429
22161-81-5;S-(+)-Ketoprofen;-0.0129421406928949;0.0282176473236752
964-52-3;Moxisylyte (hydrochloride);-0.0128907999627163;0.0238952578315473
145821-59-6;Tiagabine (hydrochloride);-0.0124346313110332;0.0264505386659996
68291-97-4;Zonisamide;-0.0120713053027415;0.0200623286551051
223673-61-8;Mirabegron;-0.0102754486977055;0.02329915720563
147084-10-4;Alcaftadine;-0.00969162224858987;0.0193844493868818
53-06-5;Cortisone;-0.00953621743915649;0.0200676652075607
36330-85-5;Fenbufen;-0.00888126644595969;0.0178275285799843
99-15-0;Acetylleucine;-0.00882658086576785;0.012916020785319
1260141-27-2;TAK-438;-0.00877578010919008;0.0176938285966712
129-77-1;Piperidolate (hydrochloride);-0.00861543406102694;0.0147429867568895
54-91-1;Pipobroman;-0.00838404728332759;0.0143721032378245
12650-69-0;Mupirocin;-0.00821211417877867;0.0143616784605719
13655-52-2;Alprenolol;-0.00811954142696916;0.0156779120588466
1642-54-2;Diethylcarbamazine (citrate);-0.00798735617054004;0.0123013028205944
6018-19-5;Sodium 4-aminosalicylate dihydrate;-0.00792450356410691;0.0140735057644848
59277-89-3;Acyclovir;-0.00728543247944157;0.0159955444603371
60142-96-3;Gabapentin;-0.00716527300194355;0.0138624088981111
187164-19-8;Luliconazole;-0.00603319493507606;0.0111695436423214
36304-84-4;Dimemorfan (phosphate);-0.00600654104762784;0.0119213435192382
107220-28-0;Cevimeline (hydrochloride);-0.00599832206823782;0.011954006859219
1132935-63-7;Dasabuvir;-0.00587810528691382;0.00987437525115043
155270-99-8;Istradefylline;-0.00567092460809458;0.0104156295574941
3254-89-5;Diphenidol (hydrochloride);-0.00424297705930131;0.0072876415800784
118081-34-8;Ceftibuten (dihydrate);-0.00294173593856916;0.0053191134552371
162359-55-9;Fingolimod;-0.00282765519235288;0.00319672736685978
61825-94-3;Oxaliplatin;-0.00246425616637677;0.00552860667452646
82159-09-9;Epalrestat;-0.00176795480617108;0.00357415826409647
483-14-7;Rotundine;-0.00163858369348115;0.00319860949076755
51460-26-5;Carbazochrome (sodium sulfonate);-0.000905240459386422;0.00146502504625624
52645-53-1;Permethrin;-0.000865418886218297;0.00154476221945296
738-70-5;Trimethoprim;-0.00082366788157244;0.000992507559188449
635702-64-6;Pazopanib (Hydrochloride);-4.82738013836421E-05;0.000479184937038014
129722-12-9;Aripiprazole;0.000738945268340334;0.000943830791665502
187227-45-8;Oseltamivir (acid);0.000940059000060797;0.00182979016079886
91161-71-6;Terbinafine;0.00164323203833891;0.00298330350986526
99300-78-4;Venlafaxine (hydrochloride);0.00172117612157146;0.00279095590506403
22204-24-6;Pyrantel (pamoate);0.00216180199909666;0.00398397738221886
96020-91-6;Eflornithine (hydrochloride, hydrate);0.00219124813977157;0.00441918098146076
7280-37-7;Estropipate;0.00373021128088385;0.00713689457508207
62-97-5;Diphenmanil (methylsulfate);0.00397156617299214;0.007712014544359
69049-73-6;Nedocromil;0.00491684280069213;0.00792353471415906
614-39-1;Procainamide (hydrochloride);0.00550272839520009;0.00981339542417566
132-20-7;Pheniramine (Maleate);0.00598304121189259;0.00891545248657488
76-90-4;Mepenzolate (Bromide);0.00602397121848801;0.0132254179853374
56296-78-7;Fluoxetine (hydrochloride);0.00618390900786909;0.00852170953665555
7681-49-4;Sodium Fluoride;0.00691895424998156;0.0113228386933809
53188-20-8;Etomidate (hydrochloride);0.0070139535629062;0.0147306795401721
3397-23-7;Ornipressin;0.00746006453687004;0.00911680254804831
194798-83-9;Fosfluconazole;0.00859395163181058;0.00832257920723144
128270-60-0;Bivalirudin (Trifluoroacetate);0.00884158027052325;0.0199038282291316
163253-35-8;Sitafloxacin (hydrate);0.00919738430718884;0.0187390995441223
153773-82-1;Ertapenem sodium;0.00927492132674875;0.0180420103549709
1404-93-9;Vancomycin (hydrochloride);0.00929040025668477;0.0116901345057028
219861-08-2;Escitalopram (oxalate);0.00929771045722439;0.01238976364154
26095-59-0;Otilonium (bromide);0.00965269979327385;0.022184957558003
142128-59-4;(+)-Ketoconazole;0.00996352746131007;0.0187667328104554
89796-99-6;Aceclofenac;0.011122163900385;0.0171718743576542
6153-33-9;Mebhydrolin (napadisylate);0.0114576502421633;0.0249313844295753
75738-58-8;Cefmenoxime (hydrochloride);0.0115552844236901;0.0221289284413667
9041-93-4;Bleomycin (sulfate);0.0121530312241569;0.0264762951592326
74103-07-4;Ketorolac (tromethamine salt);0.0125985410725188;0.0253737427434811
149-64-4;Scopolamine (butylbromide);0.0128443652924538;0.027472422025112
51-83-2;Carbamoylcholine (chloride);0.0148241842147455;0.0291635382630329
137281-23-3;Pemetrexed;0.0154504455186044;0.0307843290449017
89226-75-5;Manidipine (dihydrochloride);0.0155633479968583;0.0280629466111554
94-25-7;Butamben;0.0158881310430947;0.0293256441290429
526-08-9;Sulfaphenazole;0.015977475323563;0.0363099765990378
29122-68-7;Atenolol;0.0160041571018812;0.030424572188178
357-70-0;Galanthamine;0.0174460124064948;0.0317286568142538
5560-59-8;Alverine (citrate);0.0190001071848947;0.0305887783648574
133454-47-4;Iloperidone;0.0198181231522708;0.0379931930921762
137975-06-5;Mozavaptan;0.0201320317202566;0.0426987089010574
68373-14-8;Sulbactam;0.021449306242277;0.0256091001589511
14197-60-5;Ginsenoside Rg3;0.0229736304936524;0.0444612012839056
1944-12-3;Fenoterol (hydrobromide);0.0230421190309388;0.0532325254749761
145435-72-9;Gamithromycin;0.0234306161211052;0.0416221193865252
;Avibactam (sodium hydrate);0.0242148322548839;0.0419317833855311
210353-53-0;Gemifloxacin (mesylate);0.0247860633562992;0.0322541056038715
72559-06-9;Rifabutin;0.0250408058202354;0.0552543163606173
630-93-3;Phenytoin (sodium);0.0256672045599197;0.0428239765113324
50-24-8;Prednisolone;0.0257950600715179;0.0452774988743448
879085-55-9;Vismodegib;0.0265981827471982;0.0532820575535732
2353-33-5;Decitabine;0.0269740631122445;0.0587893142487891
8025-81-8;Spiramycin;0.0271733648643346;0.053567347873356
668270-12-0;Linagliptin;0.0272198331621981;0.0436262865526018
123171-59-5;Cefepime (Dihydrochloride Monohydrate);0.0275188772244701;0.0467067606288911
213819-48-8;Belotecan (hydrochloride);0.0275869968719318;0.0328305644184764
873857-62-6;Fidaxomicin;0.027647515704703;0.0461467611216688
1949-20-8;Oxolamine (citrate);0.0279516384664505;0.0526459755020861
112665-43-7;Seratrodast;0.0284723101935794;0.0525165363650395
17560-51-9;Metolazone;0.0302007199071126;0.0677908090645069
102767-28-2;Levetiracetam;0.0306134659254312;0.0671519930150471
57-41-0;Phenytoin;0.0307161591162924;0.0621753747407836
138-14-7;Deferoxamine (mesylate);0.0307441249759085;0.00714049632518162
67915-31-5;Terconazole;0.0312244678800305;0.0700806534438671
63302-99-8;Azaphen (dihydrochloride monohydrate);0.0312431219966183;0.0524303339922283
81938-43-4;Zofenopril (calcium);0.0323254184297253;0.043438820809998
6211-32-1;Rauwolscine (hydrochloride);0.0324788554422868;0.0637820874022415
873054-44-5;Ivacaftor;0.0329572389129536;0.0672095223658022
865759-25-7;Trelagliptin;0.0336636716178742;0.0740138121711165
148-82-3;Melphalan;0.0337355487368408;0.0698369323677612
14611-52-0;R-(-)-Deprenyl (hydrochloride);0.036088273525791;0.0818363333806283
29908-03-0;Ademetionine;0.0362022383609588;0.0860051925335619
53882-12-5;Lodoxamide;0.0362380301430936;0.0627801621033684
95058-81-4;Gemcitabine;0.0362850478116815;0.0707238824362721
229975-97-7;Atazanavir (sulfate);0.0371493831247117;0.0708592585887393
73-78-9;Lidocaine (hydrochloride);0.0374483773120014;0.0665295947360007
58-46-8;Tetrabenazine;0.0378732693370256;0.0897447767497952
122892-31-3;Itopride (hydrochloride);0.0381380314378924;0.0765890797985297
163521-12-8;Vilazodone;0.0382170850808573;0.0596482499566615
127373-66-4;Sivelestat;0.0383125842347623;0.084610908011522
3211-76-5;L-SelenoMethionine;0.0385679105116622;0.0831394414524344
104206-65-7;Nitisinone;0.0386442225865472;0.0402027362897721
151-67-7;Halothane;0.0387512828551396;0.0924689133499114
3424-98-4;Telbivudine;0.0389830947446457;0.0635250169950271
61-68-7;Mefenamic acid;0.0390442966382684;0.0957167096777161
550-24-3;Embelin;0.0391791715247013;0.0829662519515682
23210-58-4;Ifenprodil (tartrate);0.0396400352070975;0.0712868737931073
3366-95-8;Secnidazole;0.0401159118954115;0.0739756197952094
206184-49-8;Tenofovir (hydrate);0.0402489350565744;0.0793174820888768
3605-01-4;Piribedil;0.0407451627750537;0.0989471752588
33401-94-4;Pyrantel (tartrate);0.0408879946924416;0.0530665566674059
73963-72-1;Cilostazol;0.0419184392869718;0.0947724997025912
53-03-2;Prednisone;0.0426172731586937;0.0882015279212657
22071-15-4;Ketoprofen;0.042620348587149;0.0986402600663635
24390-14-5;Doxycycline (hyclate);0.0432331095582741;0.102289914917647
99755-59-6;Rotigotine;0.0436085767587445;0.0884940601036385
1038915-60-4;MK-4827;0.0436200687773427;0.0957323163924654
55482-89-8;Guacetisal;0.04366668102404;0.0842731819712403
867-81-2;D-Pantothenic acid (sodium);0.0449066153264823;0.0856999394507373
38194-50-2;Sulindac;0.0449897113112839;0.105912718045417
14976-57-9;Clemastine (fumarate);0.0453241473747761;0.0582144777009367
76-25-5;Triamcinolone (acetonide);0.0457233713217275;0.0853640744362649
57381-26-7;Irsogladine;0.0463986158763909;0.0854507672526845
835621-07-3;Regorafenib (Hydrochloride);0.0466093838507377;0.0969748246190257
153439-40-8;Fexofenadine (hydrochloride);0.0467350994828128;0.0914243069440736
56974-61-9;Gabexate (mesylate);0.0468021148267334;0.0865378076559578
4360-12-7;Ajmaline;0.0468446456284675;0.119653510428064
2490-97-3;Aceglutamide;0.0469209793717867;0.0991078486038851
65473-14-5;Naftifine (hydrochloride);0.0473849852836468;0.11636407002232
35807-85-3;Tauroursodeoxycholate (Sodium);0.0480288817247929;0.102875710716485
139481-59-7;Candesartan;0.0489440290920644;0.10839620079385
18683-91-5;Ambroxol;0.049420508690553;0.104420634819862
50-70-4;D-Sorbitol;0.0499253388017652;0.122206035857803
61270-78-8;Cefonicid (sodium);0.0506393793525729;0.107886012506189
59-66-5;Acetazolamide;0.0510194594957951;0.0551602810035771
89365-50-4;Salmeterol;0.051843888098602;0.117527724914417
82186-77-4;Lumefantrine;0.0530300101649072;0.109164620291565
73590-58-6;Omeprazole;0.05304663316824;0.128948957884359
64461-82-1;Tizanidine (hydrochloride);0.0541246435721591;0.140448948846498
147-94-4;Cytarabine;0.0541351507624922;0.120649906090243
1197-18-8;Tranexamic acid;0.0545276564823569;0.11842629440454
22254-24-6;Ipratropium (bromide);0.0545985959917721;0.106206067542218
127294-70-6;Balofloxacin;0.0550364749362761;0.121507131709174
804-30-8;Fursultiamine;0.0552975625670663;0.129102894063691
125-84-8;Aminoglutethimide;0.0553155689930306;0.122945517576896
1192491-61-4;Avibactam (sodium);0.0554158880276909;0.132901249833718
60-31-1;Acetylcholine (chloride);0.0563474113504982;0.0968616363579707
4394-00-7;Niflumic acid;0.0565898331097198;0.134726439387266
54-31-9;Furosemide;0.0572117437587786;0.147515015365826
57-83-0;Progesterone;0.0572351537621019;0.135226021315368
138112-76-2;Agomelatine;0.0578938750750273;0.12832040543619
1225-55-4;Protriptyline (hydrochloride);0.0585218047275347;0.150450002971394
427-51-0;Cyproterone (acetate);0.0585695497689158;0.132291038326922
4696-76-8;Bekanamycin;0.0585886879895878;0.0859362839616142
84611-23-4;Erdosteine;0.0586675065098477;0.10423455301185
61-76-7;(R)-(-)-Phenylephrine (hydrochloride);0.0587675250932818;0.144436858591534
6933-90-0;Clorprenaline hydrochloride;0.0591496459731628;0.129462307894638
104227-87-4;Famciclovir;0.0599117271390258;0.121519632049699
59729-32-7;Citalopram (hydrobromide);0.0608729689318135;0.103924435786953
90-45-9;9-Aminoacridine;0.061439258870942;0.132693327243836
50-81-7;L-Ascorbic acid;0.0630660345050957;0.161393339033324
65-46-3;Cytidine;0.0633642842041667;0.0701258424304516
59-33-6;Mepyramine maleate;0.0641583421532921;0.158249717908403
67-45-8;Furazolidone;0.0643171522869708;0.125748643343923
80-77-3;Chlormezanone;0.0643360975240774;0.147969122086602
524-81-2;Mebhydrolin;0.0643469416413842;0.138655086015676
58-96-8;Uridin;0.0664742350269902;0.13659980519827
23325-78-2;Cephalexin (monohydrate);0.0670222086760114;0.13258355008794
43229-80-7;Formoterol (Fumarate);0.0674103450891866;0.172792420626864
136470-78-5;Abacavir;0.0681118281048891;0.169083955897646
89-57-6;5-Aminosalicylic Acid;0.0686459476130093;0.160982604316091
24868-20-0;Dantrolene (sodium hemiheptahydrate);0.0692037378668195;0.13703002119041
66085-59-4;Nimodipine;0.0692745688455944;0.162982350209897
30751-05-4;Troxipide;0.0695963568654864;0.178283745236824
298-46-4;Carbamazepine;0.0698891249627023;0.161565744681399
881681-00-1;Vonoprazan;0.0704086692168661;0.131146493714745
1508-75-4;Tropicamide;0.0711274975245724;0.18505949697245
6190-39-2;Dihydroergotamine (mesylate);0.0720017063309127;0.160938909875643
343306-79-6;Sugammadex (sodium);0.0730053617727096;0.183991371480494
65277-42-1;Ketoconazole;0.0738071363040344;0.136650262249931
78281-72-8;Nepafenac;0.0745896339086587;0.117748263153764
124858-35-1;Nadifloxacin;0.076050612389768;0.164628808549925
131410-48-5;Gadodiamide;0.076124373909212;0.19991671331731
877399-52-5;Crizotinib;0.0775278641385656;0.190293842348644
132-92-3;Methicillin (sodium salt);0.0779090155633247;0.159704209418781
461432-26-8;Dapagliflozin;0.0780553342680736;0.184414376405858
120511-73-1;Anastrozole;0.0782185879691076;0.167851094214948
1083076-69-0;Cariprazine (hydrochloride);0.0783122421767328;0.126246343053799
15676-16-1;Sulpiride;0.0785369693386324;0.15710488954078
131-69-1;Phthalylsulfacetamide;0.0786481874437564;0.176792448365021
443-48-1;Metronidazole;0.0788995286436491;0.150744755486917
147536-97-8;Bosentan;0.0789787213087907;0.179108794173437
32887-03-9;Pivmecillinam (hydrochloride);0.0791846861296012;0.166198091871415
25913-34-2;Tinoridine hydrochloride;0.0793736596190626;0.177911271555989
1004316-88-4;Cobicistat;0.0795211437594404;0.217206199942359
70-26-8;L-Ornithine;0.0796244420070647;0.107803969990713
120410-24-4;Biapenem;0.0801045815931196;0.21946373892754
206361-99-1;Darunavir;0.0803544688198354;0.209324950100238
56391-57-2;Netilmicin (sulfate);0.0804851723310781;0.120425922949819
2921-57-5;Methylprednisolone succinate;0.0807322708988168;0.213390173065042
1374639-75-4;LEE011 (succinate);0.0809215269402397;0.103524925346551
122320-73-4;Rosiglitazone;0.0811539208391408;0.139172692206427
4940-39-0;Chromocarb;0.0818021112365766;0.172562176382417
131-57-7;Oxybenzone;0.0818697555478389;0.226360015925363
79-57-2;Oxytetracycline;0.0820168861066967;0.216583634806156
459789-99-2;INT-747;0.08266153504182;0.128617708886292
55268-74-1;Praziquantel;0.0829758867765103;0.195226730530577
51-52-5;Propylthiouracil;0.0837177015407868;0.195818274055136
2277-92-1;Oxyclozanide;0.0837611311071088;0.169613303967082
93957-55-2;Fluvastatin (sodium);0.0840462827984326;0.21694163040675
122852-69-1;Alosetron (Hydrochloride);0.0841600462772246;0.21015037391516
119615-63-3;Olprinone (Hydrochloride);0.0842220299978107;0.209395538965512
51-48-9;L-Thyroxine;0.0849486310172527;0.190851382240688
164650-44-6;Efinaconazole;0.0850145083163292;0.222521191651528
99291-25-5;Levodropropizine;0.0852418668942762;0.173711870421803
590-63-6;Bethanechol (chloride);0.0859991902899235;0.191126792660833
182349-12-8;Rupatadine (Fumarate);0.0870832611728861;0.222400572226211
188062-50-2;Abacavir (sulfate);0.0874384226956932;0.171017254239159
637-07-0;Clofibrate;0.0875851708032057;0.156800835887501
402957-28-2;Telaprevir;0.0879655425167647;0.188377320545717
144689-24-7;Olmesartan;0.0887296163689415;0.228482765253303
15687-27-1;Ibuprofen;0.0891843757577344;0.0743946965537169
147403-03-0;Azilsartan;0.0895044182841772;0.153951802394787
13710-19-5;Tolfenamic Acid;0.090186554538502;0.196123509437432
526-18-1;Osalmid;0.0908895808440189;0.205923796157103
797-63-7;Levonorgestrel;0.0911633369402536;0.12259036615623
52214-84-3;Ciprofibrate;0.0915826273359673;0.22794106266799
25122-46-7;Clobetasol propionate;0.092347063636085;0.208860666662924
123447-62-1;Prulifloxacin;0.092866929124255;0.139841541872782
62-31-7;Dopamine (hydrochloride);0.0932661643624151;0.173370228118711
557-08-4;10-Undecenoic acid (zinc salt);0.093791202817814;0.168745951624264
74578-69-1;Ceftriaxone (sodium salt);0.0943755486866481;0.19759052234124
112809-51-5;Letrozole;0.0949399243541759;0.20282682761173
64-86-8;Colchicine;0.0951757735738828;0.145532780750143
175131-60-9;Milnacipran ((1S-cis) hydrochloride);0.0961330618311687;0.148657245655065
13073-96-6;Decloxizine (dihydrochloride);0.0973702049896957;0.252083383391034
5588-10-3;Methoxyphenamine (Hydrochloride);0.0975050820466024;0.193880468428438
1400591-39-0;Tosufloxacin (tosylate hydrate);0.0981617932327483;0.273767175793629
126544-47-6;Ciclesonide;0.0986820031268832;0.263959587234519
41372-08-1;L-(-)-Î±-Methyldopa (hydrate);0.0998311532034708;0.270821560875068
55-86-7;Chlormethine (hydrochloride);0.100433635995575;0.281904991105547
553-12-8;Protoporphyrin IX;0.100619369996108;0.289150410695864
113-92-8;Chlorpheniramine (maleate);0.10100293229082;0.208267747833421
1264-72-8;Colistin (sulfate);0.105260151492476;0.20778116574272
112811-59-3;Gatifloxacin;0.106615349529341;0.277642215815793
959-24-0;Sotalol (hydrochloride);0.107476805852123;0.156880470402431
66108-95-0;Iohexol;0.110487964457265;0.218972058023093
62013-04-1;Dirithromycin;0.110913461023884;0.254222056098003
440-17-5;Trifluoperazine (dihydrochloride);0.111326879667839;0.253319871464442
72558-82-8;Ceftazidime;0.111418526694242;0.255794144621524
73-31-4;Melatonin;0.111476001374821;0.319532915576592
54143-56-5;Flecainide (acetate);0.111725878284207;0.323784768255897
654671-77-9;Sitagliptin (phosphate monohydrate);0.111938497432777;0.219588537984388
132-17-2;Benztropine (mesylate);0.112101801470726;0.20405779889783
162359-56-0;Fingolimod (hydrochloride);0.113215625916534;0.263826614214053
69975-86-6;Doxofylline;0.114512548805301;0.133822540894951
145202-66-0;Rizatriptan (benzoate);0.114997494197619;0.163901608289107
58579-51-4;Anagrelide (hydrochloride);0.117449118170287;0.293129978107423
26864-56-2;Penfluridol;0.11763393979308;0.234947309731124
62499-27-8;Gastrodin;0.11778673146642;0.336315313276545
138890-62-7;Brinzolamide;0.117845099599463;0.288489069536009
121-75-5;Malathion;0.118577961179061;0.3223850119843
70775-75-6;Octenidine (dihydrochloride);0.119115332479476;0.16195464434906
599-79-1;Sulfasalazine;0.11948858361499;0.294335046219001
140898-91-5;Hexaminolevulinate (hydrochloride);0.120403409686115;0.248227600413083
149845-06-7;Saquinavir (Mesylate);0.122059000495487;0.346182826456673
70024-40-7;Terazosin (hydrochloride dihydrate);0.123562338987342;0.287349470379742
97240-79-4;Topiramate;0.123788780707334;0.298985735497118
128-13-2;Ursodiol;0.124234756891694;0.226647360412428
6202-23-9;Cyclobenzaprine (hydrochloride);0.125108309689279;0.265550977572117
62613-82-5;Oxiracetam;0.126323522012419;0.30716988310015
389-08-2;Nalidixic acid;0.12701359815542;0.285917452738383
134523-03-8;Atorvastatin (hemicalcium salt);0.127181852186579;0.204761081701417
210110-90-0;Miglustat (hydrochloride);0.127802503575685;0.320273460561748
52-49-3;Trihexyphenidyl (hydrochloride);0.128108159455858;0.207894817190038
13009-99-9;Mafenide (Acetate);0.128200852179775;0.232495814006307
209860-87-7;Tafluprost;0.128862059603289;0.330451405987791
10417-94-4;Eicosapentaenoic Acid;0.129889448069479;0.191468818478192
17230-88-5;Danazol;0.130419620538413;0.350392678938416
3818-50-6;Bephenium (hydroxynaphthoate);0.131008986416343;0.23837845570897
23642-66-2;Benfluorex (hydrochloride);0.13166565850428;0.388712882822793
175865-59-5;Valganciclovir (hydrochloride);0.132525916784533;0.34502267228641
68099-86-5;Bepridil hydrochloride;0.133184035645913;0.282943267717782
114-07-8;Erythromycin;0.133476991765187;0.326665521570662
242478-37-1;Solifenacin;0.133605593347205;0.323746387726578
23142-01-0;Carbetapentane (citrate);0.134292382312756;0.343529748171732
980-71-2;Brompheniramine (maleate);0.134300594349236;0.343682106057421
37025-55-1;Carbetocin;0.134561388309396;0.373020739667771
50-03-3;Hydrocortisone (acetate);0.134594174161723;0.337913786994745
54-36-4;Metyrapone;0.134842909043536;0.332793737418897
356-12-7;Fluocinonide;0.134855300780272;0.377864037741719
34580-14-8;Ketotifen (fumarate);0.136273503821459;0.24571849717296
1092939-17-7;Ruxolitinib (phosphate);0.138431106994777;0.356650857836176
34552-83-5;Loperamide (hydrochloride);0.138876486931335;0.238404395405847
135729-62-3;Palonosetron (Hydrochloride);0.139166924201557;0.393021038158969
943319-70-8;Ponatinib;0.139428828623917;0.233185318285396
92134-98-0;Fosphenytoin (disodium);0.139495311994958;0.294652498205696
64490-92-2;Tolmetin (sodium dihydrate);0.140212096892938;0.428315556267356
56-54-2;Quinidine;0.140751434126026;0.368985482088112
129101-54-8;Rivastigmine (tartrate);0.14403004197019;0.379046516256843
50-63-5;Chloroquine (diphosphate);0.144280903074216;0.247319770388085
141626-36-0;Dronedarone;0.144536535209869;0.103657608184651
1187595-84-1;Baricitinib (phosphate);0.144648499320234;0.393836274392706
305-33-9;Iproniazid (phosphate);0.144973387304761;0.262139279152669
201341-05-1;Tenofovir (Disoproxil);0.145626328571226;0.370061596903602
54-42-2;Idoxuridine;0.146557415557886;0.401123834382934
93-14-1;Guaifenesin;0.146994767914755;0.42358359773826
83-73-8;Diiodohydroxyquinoline;0.14721144671717;0.340263589775828
651-06-9;Sulfameter;0.147653943705037;0.250171552161544
83-44-3;Deoxycholic acid;0.147864323797815;0.389189515212612
130209-82-4;Latanoprost;0.148215607551679;0.462098024614169
34140-59-5;Trimebutine (maleate);0.148394534994431;0.446315427148267
57-37-4;Benactyzine hydrochloride;0.148611813103421;0.414287469588763
850608-87-6;Riluzole hydrochloride;0.148865061723772;0.35747378840844
870281-82-6;CAL-101;0.150427711977678;0.39052497988233
69-72-7;Salicylic acid;0.151760935569183;0.387838991461763
202409-33-4;Etoricoxib;0.152536704787088;0.483114791866109
25717-80-0;Molsidomine;0.152722991251155;0.41240993771531
59721-29-8;Camostat (mesylate);0.153111833843434;0.31399904846993
15574-96-6;Pizotifen;0.153483658051422;0.455237540806793
162401-32-3;Roflumilast;0.154253869316901;0.428798871664616
297-76-7;Ethynodiol (diacetate);0.154504335914502;0.475289895336381
181183-52-8;Almotriptan (malate);0.155107817256696;0.407163393535596
163222-33-1;Ezetimibe;0.155681142919644;0.397153188774227
17692-31-8;Dropropizine;0.156208692671137;0.473871076278828
57808-66-9;Domperidone;0.156348962678873;0.415022185574661
161735-79-1;Rasagiline (mesylate);0.159391166355282;0.274162777038411
5875-06-9;Proparacaine (Hydrochloride);0.159433034194397;0.249133472794737
3644-61-9;Tolperisone (hydrochloride);0.161610493180069;0.444761669484032
1369665-02-0;Cobimetinib (hemifumarate);0.162390501049744;0.36996059493227
63659-18-7;Betaxolol;0.162398240407075;0.3571975189018
1616493-44-7;Tucidinostat;0.162504914228951;0.488310153953878
125572-93-2;Rotigotine (Hydrochloride);0.163022210018449;0.450912854133204
4936-47-4;Nifuratel;0.163035781699777;0.383760138535375
54350-48-0;Etretinate;0.163372459314578;0.436186718663966
50-14-6;Vitamin D2;0.163452141844649;0.308968429342636
50924-49-7;Mizoribine;0.164308083730849;0.527251514314432
138982-67-9;Ziprasidone (hydrochloride monohydrate);0.165652290128958;0.414052612588977
53902-12-8;Tranilast;0.165835709808383;0.323847040954378
16595-80-5;Levamisole (hydrochloride);0.166210670052259;0.440971321905032
1508-65-2;Oxybutynin (chloride);0.167316300194757;0.432648244905455
21256-18-8;Oxaprozin;0.16772640005407;0.384273811405379
177036-94-1;Ambrisentan;0.168586955338824;0.46904524914447
155213-67-5;Ritonavir;0.168626872968874;0.284654277582521
103890-78-4;Lacidipine;0.169790492846475;0.58492345341938
132112-35-7;Ropivacaine (hydrochloride monohydrate);0.171183549817132;0.254206903112268
30516-87-1;Zidovudine;0.172342695199271;0.306114715391927
116-38-1;Edrophonium (chloride);0.17245076714778;0.467725268242296
126784-99-4;Ulipristal (acetate);0.173306864039939;0.472034977171277
198470-84-7;Parecoxib;0.173903514037613;0.299821359174792
5104-49-4;Flurbiprofen;0.175370627889143;0.53636523344626
1041434-82-5;Peramivir (trihydrate);0.176296087302566;0.511256036078717
19387-91-8;Tinidazole;0.176316940077645;0.421066583289422
2624-44-4;Ethamsylate;0.176958941539531;0.433021366053648
1104-22-9;Meclizine (dihydrochloride);0.177023161963307;0.516733028762201
33402-03-8;Metaraminol (tartrate);0.177927528394417;0.401857653634669
105816-04-4;Nateglinide;0.177985137512685;0.539406660403596
1859053-21-6;Rucaparib (Camsylate);0.178571091814596;0.342444313341799
1650550-25-6;Enasidenib (mesylate);0.179057206613378;0.484331645144207
89778-27-8;Toremifene (Citrate);0.179888699418306;0.224874612602109
54024-22-5;Desogestrel;0.180383748234949;0.497043455954897
13739-02-1;Diacerein;0.18039573786194;0.306769447405968
404-86-4;Capsaicin;0.180567430645603;0.339530350965844
106685-40-9;Adapalene;0.180631163102967;0.381813009669218
518-28-5;Podophyllotoxin;0.18107969978299;0.498601878996112
5579-84-0;Betahistine (dihydrochloride);0.181132272041448;0.299456203003358
106133-20-4;Tamsulosin;0.181972796246757;0.417178337416484
191732-72-6;Lenalidomide;0.182666797042142;0.334633186862166
2066-89-9;Pasiniazid;0.183903286409383;0.576990410567979
53179-13-8;Pirfenidone;0.185144769287799;0.493010699496332
299-28-5;Gluconate (Calcium);0.185295283941584;0.551062561881048
179463-17-3;Caspofungin (Acetate);0.186579119631497;0.563419086169255
69-65-8;D-Mannitol;0.186869739422933;0.434173378313208
59-67-6;Niacin;0.187261046721882;0.598753231305781
170729-80-3;Aprepitant;0.188534231580998;0.441961454424758
137-08-6;D-Pantothenic acid (hemicalcium salt);0.18883460188538;0.423895838091814
54965-21-8;Albendazole;0.188862511365968;0.432712283363119
31431-39-7;Mebendazole;0.189226057113477;0.581455844551478
52-21-1;Prednisolone (21-acetate);0.191701917493924;0.49657901186953
130693-82-2;Dorzolamide (hydrochloride);0.192731197004772;0.453447195104454
116-43-8;Succinylsulfathiazole;0.193563302687514;0.35454871310077
36791-04-5;Ribavirin;0.193613282469777;0.418717314954496
202189-78-4;Bilastine;0.194027907026203;0.586052000685428
114-49-8;Scopolamine (hydrobromide);0.19440335296683;0.58405380066039
147526-32-7;Pitavastatin (Calcium);0.195908081634963;0.599681130228801
39809-25-1;Penciclovir;0.196645547523782;0.581187860991747
1508-76-5;Procyclidine (hydrochloride);0.197435313267534;0.514311216684028
163252-36-6;Clevudine;0.198113925011435;0.443824398719906
50-78-2;Aspirin;0.198731032207304;0.566228412838438
75530-68-6;Nilvadipine;0.199030254105989;0.614441734479025
616-91-1;Acetylcysteine;0.200058460060217;0.624053087070634
70-00-8;Trifluorothymidine;0.201284707896427;0.519830753659774
53-16-7;Estrone;0.202768217803246;0.549914275258769
34642-77-8;Amoxicillin (sodium);0.202871851380139;0.389590482202952
107753-78-6;Zafirlukast;0.202935464901186;0.547876346409782
141396-28-3;Argatroban (monohydrate);0.204478208656658;0.539745455624292
4291-63-8;Cladribine;0.204556673111774;0.157736273705943
161804-20-2;Benzamil hydrochloride;0.20462050657591;0.757579879211724
30544-47-9;Etofenamate;0.205723728217206;0.532388568929057
5908-99-6;Atropine (sulfate monohydrate);0.206308499813276;0.534689897211618
114-80-7;Neostigmine (Bromide);0.206681166757185;0.576370300906028
144-82-1;Sulfamethizole;0.207796038474144;0.542968657102907
1025967-78-5;Lifitegrast;0.208046956653753;0.463416635453419
7681-76-7;Ronidazole;0.209897785233186;0.607717435601473
103597-45-1;Bisoctrizole;0.210582636149469;0.739897774080409
14362-31-3;Chlorcyclizine (hydrochloride);0.211092997430756;0.582857068141203
652-67-5;Isosorbide;0.211518856412877;0.479728847317158
36085-73-1;B-HT 920;0.211889943817274;0.535516613505879
42540-40-9;Cefamandole (nafate);0.212828122521653;0.446402579536414
1501-84-4;Rimantadine (hydrochloride);0.213240143700397;0.662780171697339
721-50-6;Prilocaine;0.213641880441955;0.543809651762339
7681-93-8;Natamycin;0.213651186483244;0.560287400910071
1077-28-7;Î±-Lipoic Acid;0.21502124927408;0.388603085821977
13311-84-7;Flutamide;0.216242165481016;0.656370199519442
181695-72-7;Valdecoxib;0.217546259777369;0.783694799877639
697761-98-1;Elvitegravir;0.218104808708245;0.367695617655924
53910-25-1;Pentostatin;0.218267789725561;0.809223192324624
16037-91-5;Stibogluconate (sodium);0.218362728894189;0.27797767911123
1258226-87-7;Ombitasvir;0.218641532284016;0.491841652983134
51-15-0;Pralidoxime (chloride);0.219251369973957;0.640850082271086
2392-39-4;Dexamethasone phosphate disodium;0.219539971693779;0.530639255441753
64211-46-7;Oxiconazole nitrate;0.220412768574393;0.635503707626777
164656-23-9;Dutasteride;0.221286057511596;0.560782332602625
157212-55-0;Bosentan (hydrate);0.221405948160008;0.708216572341537
114870-03-0;Fondaparinux (sodium);0.221409588258797;0.543454953372721
37693-01-9;Clofoctol;0.222114920220303;0.503241680812539
32780-64-6;Labetalol (hydrochloride);0.222580622973479;0.694613918112932
62571-86-2;Captopril;0.223717358686213;0.503887557036045
42017-89-0;Fenofibric acid;0.225690840497068;0.383354460301173
49763-96-4;Stiripentol;0.226334178203542;0.737805721796498
67227-57-0;Fenoldopam (mesylate);0.226796200669311;0.810703289054245
52-67-5;(2S)-2-Amino-3-methyl-3-sulfanylbutanoic acid;0.226850821019757;0.563331963908566
8002-43-5;Lecithin;0.227007348573313;0.678769085036928
30578-37-1;Amezinium (methylsulfate);0.227011629332039;0.586948267619126
120638-55-3;Bromfenac (sodium hydrate);0.227713696874075;0.574039091943969
59-47-2;Mephenesin;0.228482531094066;0.861590119373019
3978-86-7;Azatadine (dimaleate);0.229139870954024;0.727725344535589
114798-26-4;Losartan;0.230833014547276;0.668043999375186
552292-08-7;Rolapitant;0.231613177126386;0.613480819588385
382-67-2;Desoximetasone;0.231643340915454;0.764461289236174
79350-37-1;Cefixime;0.232488718376099;0.298494565707818
514-36-3;Fludrocortisone (acetate);0.23266422910532;0.218424524114942
763113-22-0;Olaparib;0.233848660862541;0.688778335723223
103300-74-9;Taltirelin;0.234688412859764;0.588559448405312
960404-48-2;Dapagliflozin ((2S)-1,2-propanediol, hydrate);0.238416191325209;0.807377186199433
21187-98-4;Gliclazide;0.240718711564133;0.671472830708696
23674-86-4;Difluprednate;0.24105183640128;0.517867890525915
290297-26-6;Netupitant;0.24418834478234;0.680505014315298
13492-01-8;Tranylcypromine (hemisulfate);0.245051910524496;0.549997235202733
606143-52-6;Selumetinib;0.245535876093857;0.876418552401502
111470-99-6;Amlodipine (besylate);0.247261732414832;0.253818050822088
67-20-9;Nitrofurantoin;0.248184732808684;0.772646185355613
76824-35-6;Famotidine;0.249867064858232;0.603322002465975
1218-35-5;Xylometazoline (hydrochloride);0.250080478160442;0.715005926502364
71720-56-4;Fenoprofen (Calcium hydrate);0.250427735171679;0.4327470595922
78613-38-4;Amorolfine (hydrochloride);0.250447452242908;0.650500033639346
95635-56-6;Ranolazine (dihydrochloride);0.252512174361267;0.738397812352347
51-74-1;Histamine (phosphate);0.253210296561019;0.757606573082941
23239-51-2;Ritodrine (hydrochloride);0.253397895437833;0.806718372622887
965-52-6;Nifuroxazide;0.253866455397994;0.651797178010872
110871-86-8;Sparfloxacin;0.254347229891636;0.672530587903407
95734-82-0;Nedaplatin;0.254974469290176;0.492688079020915
126-27-2;Oxethazaine;0.255149155153722;0.791514082162366
934660-93-2;Cobimetinib;0.25578815620866;0.751762720603574
50-91-9;Floxuridine;0.25728215649962;0.84458282721026
17902-23-7;Tegafur;0.258739901937626;0.623133216388156
72432-10-1;Aniracetam;0.259132515202041;0.788231884246295
247257-48-3;Fimasartan;0.259389052577556;0.609288441281637
57645-91-7;Clebopride (malate);0.259919428681462;0.513746016368697
135159-51-2;Sarpogrelate (hydrochloride);0.260700812060996;0.865470731700665
83-43-2;Methylprednisolone;0.264973345807879;0.489645722106468
330784-47-9;Avanafil;0.267059598362935;0.283755048164008
16980-89-5;Bucladesine (sodium salt);0.267353685056651;0.983383875689767
125317-39-7;Vinorelbine (ditartrate);0.267366821435139;1.03783183244435
94-20-2;Chlorpropamide;0.267462257856745;1.0314009516901
459868-92-9;Rucaparib (phosphate);0.268833053065575;0.921536423092231
92118-27-9;Fotemustine;0.26952499775307;0.894052121037059
128-62-1;Noscapine;0.270000690604343;0.953459957251999
65141-46-0;Nicorandil;0.271071365670786;0.622135129359557
313-06-4;Estradiol (cypionate);0.271874233154792;0.97589494094679
38234-21-8;Fertirelin;0.272051128263679;0.956216094524387
129453-61-8;Fulvestrant;0.272623683924511;0.785071361990855
1051375-19-9;Dolutegravir (sodium);0.274039128908729;0.813166574071468
85650-52-8;Mirtazapine;0.274569668947352;1.0605903573378
52549-17-4;Pranoprofen;0.274860080556075;0.893916783717934
204255-11-8;Oseltamivir (phosphate);0.274946664872353;1.03584690036925
120014-06-4;Donepezil;0.275295706183684;0.792773811676702
111974-72-2;Quetiapine (fumarate);0.275747149817085;0.748240537586186
23593-75-1;Clotrimazole;0.276459891065306;0.755381784778537
594839-88-0;Tafamidis;0.277143676451214;0.52533002977502
135062-02-1;Repaglinide;0.278069227844998;0.935366030629752
51773-92-3;Mefloquine (hydrochloride);0.278265443527016;0.539194772525318
6119-47-7;Quinine (hydrochloride dihydrate);0.278822898450835;0.342265322186205
635728-49-3;Darunavir (Ethanolate);0.279276658648749;1.01851124703556
863-61-6;Menaquinone-4;0.283724450122361;0.741914068818004
1649-18-9;Azaperone;0.284466348966178;0.972015968391116
126-07-8;Griseofulvin;0.28453498567867;0.846104257704687
23256-50-0;Guanabenz (Acetate);0.284578139163943;0.76899321253647
2508-72-7;Antazoline (hydrochloride);0.284823779780476;1.06771020174871
79902-63-9;Simvastatin;0.284827660501301;0.861317879214141
25905-77-5;Minaprine;0.285182354206692;0.896425922020281
14028-44-5;Amoxapine;0.285606391019026;0.898734995760736
89565-68-4;Tropisetron;0.285813738902266;0.948520387281759
1377049-84-7;Velpatasvir;0.286467529512624;0.629005847328218
882-09-7;Clofibric acid;0.287516754812831;0.934107756799664
638-94-8;Desonide;0.289604137955032;0.804897378408268
51-45-6;Histamine;0.290435078575651;0.901954566918562
152520-56-4;Nebivolol (hydrochloride);0.291825533259978;0.678085497106889
504-24-5;4-Aminopyridine;0.292022092769584;0.761048105205935
1009119-65-6;Daclatasvir (dihydrochloride);0.293396948309194;0.742384948582564
136-40-3;Phenazopyridine (hydrochloride);0.293896651900367;0.888106178821927
107868-30-4;Exemestane;0.296656737190802;0.776952591049461
29110-48-3;Guanfacine (hydrochloride);0.29776915232013;0.762796553655515
65-86-1;Orotic acid;0.29819709391442;0.709838538790325
551-92-8;Dimetridazole;0.298720272160315;1.23085021569912
536-43-6;Dyclonine (hydrochloride);0.300343374336281;0.91802084462947
6223-35-4;Sodium gualenate;0.300358342370872;0.761360333963804
65928-58-7;Dienogest;0.30130636124999;0.863863566831537
168626-94-6;Conivaptan (hydrochloride);0.302850957787781;0.888185161511268
13755-38-9;Nitroprusside (disodium dihydrate);0.305775647323991;1.10028695689001
84-80-0;Vitamin K1;0.307053315315275;0.958864515150444
50-07-7;Mitomycin C;0.308065804765359;1.06641467748347
13010-47-4;Lomustine;0.309497358393039;1.21719509591277
133868-46-9;Valnemulin (Hydrochloride);0.310059868354875;0.274720510493634
4697-14-7;Ticarcillin (disodium);0.310188516904081;0.759768249378262
57262-94-9;Setiptiline;0.312735963577227;1.0566104940184
739366-20-2;Anagliptin;0.313976461162878;1.07387170556766
4682-36-4;Orphenadrine (citrate);0.314352045179147;0.984778207706642
133865-89-1;Safinamide;0.316328758372998;0.883372359444179
58-61-7;Adenosine;0.317339055498425;1.29228030973174
305-03-3;Chlorambucil;0.317466777321833;0.751683485311318
53994-73-3;Cefaclor;0.320703238102715;0.893207064191238
18472-51-0;Chlorhexidine (digluconate);0.321942746560717;0.851139597343637
121032-29-9;Nelarabine;0.326924750901152;1.10654591148451
120202-66-6;Clopidogrel (hydrogen sulfate);0.329124917745235;1.03824206748935
364782-34-3;Cinacalcet (hydrochloride);0.330404929331216;1.07118570699817
315-30-0;Allopurinol;0.33045610936918;0.878609614844817
50-35-1;Thalidomide;0.331049623137121;1.06698643756318
1051375-16-6;Dolutegravir;0.333777979779144;1.14871801501344
96829-58-2;Orlistat;0.333780243063564;1.38056739464598
366-70-1;Procarbazine (Hydrochloride);0.33477779208332;0.815629942117625
603-00-9;Proxyphylline;0.334957983161209;1.29013824177348
66357-59-3;Ranitidine (hydrochloride);0.335523989012864;0.965729993623637
88495-63-0;Artesunate;0.338588206620551;1.20512205954873
36592-77-5;Metipranolol hydrochloride;0.340988779815444;1.2319856063138
1257044-40-8;ABT-199;0.341530195059822;1.20990431208864
603-50-9;Bisacodyl;0.343051298562797;0.684222575638927
149-91-7;Gallic acid;0.344029573175515;1.29777180895517
150322-43-3;Prasugrel;0.344656999396024;0.885058048886205
60166-93-0;Iopamidol;0.344789380608532;0.491361745980042
111974-69-7;Quetiapine;0.346459028816628;1.08821270143043
26328-04-1;Cinepazide (Maleate);0.349186013243523;0.918526821616922
80621-81-4;Rifaximin;0.352306327612388;1.11661576064905
6080-58-6;Citric acid (trilithium salt tetrahydrate);0.353089594408431;1.09040153754168
117-96-4;Diatrizoic acid;0.353565270429944;1.13024855749826
76095-16-4;Enalapril (maleate);0.35395673024931;0.687166424989737
92077-78-6;Cilazapril (monohydrate);0.355252195443524;1.01335370759438
1412458-61-7;Asenapine (hydrochloride);0.357560633167091;0.696923569491757
144060-53-7;Febuxostat;0.359360347176983;0.992422519338592
77883-43-3;Doxazosin (mesylate);0.359988241524459;0.762217136712713
320345-99-1;Aclidinium (Bromide);0.360204973277918;1.4031310467552
3717-88-2;Flavoxate (hydrochloride);0.360497576086323;1.14865385095935
938-73-8;2-Ethoxybenzamide;0.362453014607152;0.985062876732436
1421373-65-0;AZD-9291;0.363586133399114;0.653416806327265
59865-13-3;Cyclosporin A;0.363630294722141;1.04708796284754
27833-64-3;Loxapine (succinate);0.364955639855831;1.30867702743063
10040-45-6;Sodium Picosulfate;0.365282264946062;1.288596268454
25451-15-4;Felbamate;0.365293141962289;0.997082111198957
53-19-0;Mitotane;0.365936476655984;0.455960443343473
1744-22-5;Riluzole;0.36708193851152;1.40300959040411
4759-48-2;Isotretinoin;0.369987318272165;1.26856725778228
75887-54-6;Artemotil;0.370194224872478;1.06423687796271
108341-18-0;Norepinephrine (bitartrate monohydrate);0.37146232978552;1.65199627445815
50-01-1;Guanidine (hydrochloride);0.372445967157852;1.33956157718839
171596-29-5;Tadalafil;0.373556324415452;1.45399541833399
1029877-94-8;Trelagliptin (succinate);0.376475643616862;1.24571295527812
146-56-5;Fluphenazine (dihydrochloride);0.378232750565026;0.754961163077801
661-19-8;1-Docosanol;0.379164656407976;1.31263582261219
364622-82-2;Doripenem (monohydrate);0.379629662254438;0.790696975712003
42924-53-8;Nabumetone;0.380497818014497;1.62802926067084
520-27-4;Diosmin;0.38064928267145;1.61906771440868
127-07-1;Hydroxyurea;0.382247897870578;0.840945005966467
5536-17-4;Vidarabine;0.383331372996557;0.539093952633667
137-58-6;Lidocaine;0.383740718295883;1.63002766553483
50-41-9;Clomiphene (citrate);0.383926967774539;1.22111101074181
1025504-45-3;Valbenazine;0.384943442038069;1.30921703407508
39562-70-4;Nitrendipine;0.385149651810758;0.907934741072707
72509-76-3;Felodipine;0.385194799431189;0.982249254266943
50-02-2;Dexamethasone;0.385413960018683;1.3546590041442
66852-54-8;Halobetasol (propionate);0.38579996687393;1.71990876497464
71963-77-4;Artemether;0.386658051216655;1.29898922710186
101152-94-7;Milnacipran (hydrochloride);0.387948701053998;1.43226416745359
770691-21-9;Gadobutrol;0.389485658598141;1.02665858838199
845533-86-0;Bedaquiline (fumarate);0.391503965620257;1.58212439340942
85650-56-2;Asenapine (maleate);0.391757198013655;0.584219301828389
5466-77-3;Octinoxate;0.39444988883056;1.07058757808325
200132-83-8;Kasugamycin (hydrochloride hydrate);0.394895186487078;1.3962802721508
49745-95-1;Dobutamine (hydrochloride);0.395371457762217;0.690098597649903
82586-52-5;Moexipril (hydrochloride);0.396241573267568;1.01028454343998
302-95-4;Deoxycholic acid sodium salt;0.397043091998766;1.28111859716282
1229-29-4;Doxepin (Hydrochloride);0.397241059854784;0.890829361820543
159989-65-8;Nelfinavir (Mesylate);0.399579833415582;1.74980164665818
65-28-1;Phentolamine (mesylate);0.40103746103014;1.64033480923492
79307-93-0;Azelastine (hydrochloride);0.40109903850323;1.33838772483731
34183-22-7;Propafenone (hydrochloride);0.402040742066217;0.773899630267752
107724-20-9;Eplerenone;0.403236801490962;1.73202819370351
7177-50-6;Nafcillin (sodium monohydrate);0.4034645885739;1.56854461398085
132539-06-1;Olanzapine;0.40456270120223;1.72777706467976
496-67-3;Bromisoval;0.404860004345277;1.68725584053024
55869-99-3;Anisodamine;0.405579253275998;1.41986171199557
101827-46-7;Butenafine (Hydrochloride);0.406159269192156;1.68235257034793
70288-86-7;Ivermectin;0.407156065969922;1.3254411977212
7081-44-9;Cloxacillin (sodium monohydrate);0.407156935801746;0.523685565847704
34031-32-8;Auranofin;0.408072519014282;0.570687044242759
170105-16-5;Imidafenacin;0.408690659668234;1.41387767641885
84371-65-3;Mifepristone;0.40897227205459;1.18801134450509
14222-60-7;Prothionamide;0.411055292665983;0.75351899914349
15500-66-0;Pancuronium (dibromide);0.412162136381225;0.748432716763784
936727-05-8;VX-809;0.413416377822498;1.85268471480113
304-84-7;Etamivan;0.41499200493058;0.769077958596723
136-77-6;Hexylresorcinol;0.41548164404544;1.05581901624436
532-03-6;Methocarbamol;0.423737953813541;1.46131062208824
134308-13-7;Tolcapone;0.424098644538642;1.58064989393409
24169-02-6;Econazole (nitrate);0.424383856765689;1.08246784676272
100643-71-8;Desloratadine;0.427471797310736;1.45213379710175
123318-82-1;Clofarabine;0.429519340473745;1.66092855720219
60-32-2;6-Aminocaproic acid;0.43056051833767;1.16121561305814
220620-09-7;Tigecycline;0.431670022066299;1.1179865205114
269055-15-4;Etravirine;0.431690122671784;1.27616301677498
170098-38-1;Alvimopan (dihydrate);0.432131707530238;0.692247882735055
167933-07-5;Flibanserin;0.435722832020311;1.22555603115867
41100-52-1;Memantine (hydrochloride);0.45001258775885;2.00786020030715
1953-02-2;Tiopronin;0.451104587120856;1.68287210453377
161715-24-8;Tebipenem pivoxil;0.454700901546901;1.54281194929598
1256589-74-8;CH5424802 (Hydrochloride);0.457492289568;0.633748575770997
906093-29-6;Teneligliptin (hydrobromide);0.458267406874909;0.837818466264921
441798-33-0;Macitentan;0.461548325887557;1.28018524291984
61422-45-5;Carmofur;0.463435140826526;1.64017250053527
941678-49-5;Ruxolitinib;0.464327809840884;1.41429321430357
548-73-2;Droperidol;0.464793343804641;1.92023999055438
987-78-0;Citicoline;0.464942644448964;1.13151852244622
64485-93-4;Cefotaxime (sodium salt);0.465654650927785;1.71884992073191
94-24-6;Tetracaine;0.469076779446185;0.760946781734658
351994-94-0;Emeramide;0.470028230538773;0.729111144633178
63-92-3;Phenoxybenzamine (hydrochloride);0.473535100136721;1.789137169873
141625-93-6;Dronedarone (Hydrochloride);0.474039144263415;1.28884596845193
552-94-3;Salsalate;0.474258411390113;1.04853575250704
3505-38-2;Carbinoxamine maleate salt;0.47508350926224;2.10088296725082
625115-55-1;Riociguat;0.475946090721375;1.9283210555131
123441-03-2;Rivastigmine;0.477125056570905;1.76928424282158
1119-34-2;L-Arginine (hydrochloride);0.47903980406225;1.77462372284007
13647-35-3;Trilostane;0.479715208695015;1.30278550968993
54-85-3;Isoniazid;0.479825074533284;0.91469945604137
4618-18-2;Lactulose;0.480101030011175;1.97293286998532
59-50-7;4-Chloro-3-methylphenol;0.483061151846649;1.75785471085991
302962-49-8;Dasatinib;0.484144229838943;1.76944622470035
4205-91-8;Clonidine (hydrochloride);0.486394970953965;1.69761073511597
475086-01-2;NS-304;0.487067440077421;1.88000711059019
143-67-9;Vinblastine (sulfate);0.487177670793861;0.956676168051736
10405-02-4;Trospium (chloride);0.488463892373021;1.81487475137509
456-59-7;Cyclandelate;0.488576318366283;2.09318946345411
25332-39-2;Trazodone (hydrochloride);0.488583900963703;1.86091248599962
53885-35-1;Ticlopidine (hydrochloride);0.488637428737623;1.48128849501359
125-33-7;Primidone;0.492352333783042;2.1421252640392
81-13-0;D-Panthenol;0.492683588910307;1.98116860130972
864070-44-0;Empagliflozin;0.495112018177899;1.71313424363948
522-51-0;Dequalinium (Chloride);0.496601276120985;0.725648818827524
103628-48-4;Sumatriptan (succinate);0.498546139162292;1.19035936357823
1038915-73-9;MK-4827 (tosylate);0.499638447078418;1.13544230874643
40391-99-9;Pamidronic acid;0.499734393952855;1.25526721621026
83919-23-7;Mometasone furoate;0.500833653770959;1.76602980270033
1716-12-7;Sodium phenylbutyrate;0.503010481362232;2.16066316073741
83905-01-5;Azithromycin;0.505338026314432;2.10590935793029
110221-44-8;Temocapril (hydrochloride);0.513956832419181;2.36391769871299
96-83-3;Iopanoic acid;0.51669801196231;0.555547408308291
540737-29-9;Tofacitinib (citrate);0.519831773759804;2.21137049233614
72-33-3;Mestranol;0.52007344773344;1.46308022749965
1069-66-5;Valproic acid (sodium salt);0.520614254920231;2.0844673362331
84057-84-1;Lamotrigine;0.525467806412092;1.55614251292105
41859-67-0;Bezafibrate;0.528999142433682;1.66388010505133
59-43-8;Thiamine monochloride;0.52936997499442;1.67427808834725
56776-01-3;Tulobuterol hydrochloride;0.529626579965996;1.20762719274845
166734-83-4;Ornidazole (Levo-);0.531997212906016;1.02188631489163
116649-85-5;Ramatroban;0.538990272973354;2.25088005501257
74050-98-9;Ketanserin;0.543480397041204;2.20209551740581
299-75-2;Treosulfan;0.544724158768609;2.33479744033817
51333-22-3;Budesonide;0.545725657658404;2.4099872312204
16773-42-5;Ornidazole;0.547169560825859;0.543004975395455
90098-04-7;Rebamipide;0.547954865884768;1.46201801971482
68-35-9;Sulfadiazine;0.551553442292115;2.29581295733938
10238-21-8;Glibenclamide;0.553748505361903;1.88356962902268
69056-38-8;Sapropterin (dihydrochloride);0.554504519096255;2.43053841918582
125-02-0;Prednisolone (disodium phosphate);0.561606097652258;2.46150396280745
562-10-7;Doxylamine (succinate);0.563003059595598;1.35337997764189
80573-04-2;Balsalazide;0.569220919191913;1.4742528508161
77337-73-6;Acamprosate (calcium);0.58083083074226;1.87780221342295
147221-93-0;Delavirdine (mesylate);0.590078953665304;2.34656686634809
150683-30-0;Tolvaptan;0.603666151013502;2.52011051666447
67-48-1;Choline (chloride);0.60748740814961;1.98058817188483
6151-40-2;Quinidine hydrochloride monohydrate;0.608853185177553;2.35011722673874
55-98-1;Busulfan;0.612021250011534;2.72832341966673
960203-27-4;Vortioxetine (hydrobromide);0.619499551478443;1.84032885180627
58186-27-9;Idebenone;0.625608746169871;1.81533979333232
151767-02-1;Montelukast (sodium);0.628258347184907;2.56356230592034
132-69-4;Benzydamine (hydrochloride);0.630730211828333;1.04647194507701
112887-68-0;Raltitrexed;0.633927122593741;1.26226903350149
577-11-7;Docusate (Sodium);0.634249987491126;2.33649733254616
80-08-0;Dapsone;0.635324430113156;2.40199850775662
313348-27-5;Regadenoson;0.63637798225645;1.96631433107052
87848-99-5;Acrivastine;0.637165162561678;2.27840833567704
90038-01-0;Detomidine (hydrochloride);0.6399364035373;2.28407956338504
10347-81-6;Maprotiline (hydrochloride);0.646370822227929;1.14691909418307
128607-22-7;Ospemifene;0.647648527623662;2.69633620551149
1665-48-1;Metaxalone;0.648610911683092;1.51966295792053
51781-21-6;Carteolol (hydrochloride);0.649262193124011;2.41146616852879
2030-63-9;Clofazimine;0.649952942525511;1.34644582130971
139264-17-8;Zolmitriptan;0.650208624003208;1.75440546025365
62893-19-0;Cefoperazone;0.653225502502295;2.31178174168146
119478-55-6;Danofloxacin (mesylate);0.657220852751944;1.66538420427534
13171-25-0;Trimetazidine (dihydrochloride);0.657226564097149;1.24875308298301
73334-07-3;Iopromide;0.660786746004276;2.90893535744845
79559-97-0;Sertraline (hydrochloride);0.661019020080032;2.61429495730056
849-55-8;Nylidrin (hydrochloride);0.662819847852803;1.76208246888513
515-64-0;Sulfisomidin;0.663446927067761;2.88382933840481
196597-26-9;Ramelteon;0.664610303767946;2.83149352124507
706779-91-1;Pimavanserin;0.673811324033798;1.32054475904741
923604-59-5;Simeprevir;0.680214969825079;2.73993219237001
13189-98-5;Fudosteine;0.686437943703415;2.30192943302033
179324-69-7;Bortezomib;0.688870431592603;3.16747599860151
50-55-5;Reserpine;0.694833271235378;2.46686284387635
121123-17-9;Cefprozil (monohydrate);0.70360709063988;2.89631166153446
82640-04-8;Raloxifene (hydrochloride);0.709144769382977;3.03995054460608
1672-88-4;Furagin;0.709199961603483;2.3885765468747
110078-46-1;Plerixafor;0.709332013204336;3.13590594376313
14484-47-0;Deflazacort;0.711885177409664;1.14086219842615
317-34-0;Aminophylline;0.713919784291912;2.05758495491665
68506-86-5;Vigabatrin;0.714410188201544;1.79637546301132
57-08-9;6-Acetamidohexanoic acid;0.715459767128933;3.22398417830355
85187-37-7;Cloperastine fendizoate;0.715601383058461;0.973893132596094
29094-61-9;Glipizide;0.720020262518379;2.86431668911717
132907-72-3;Ramosetron (Hydrochloride);0.726522803322778;1.75844856057924
33564-30-6;Cefoxitin (sodium);0.729066357879288;2.36761285576464
22457-89-2;Benfotiamine;0.735425377955041;3.25470416174274
28721-07-5;Oxcarbazepine;0.755005518421317;3.58685424728283
298-81-7;Methoxsalen;0.759176469659694;1.98419305338956
357166-30-4;Pemetrexed (disodium hemipenta hydrate);0.76346658539696;3.24906558067713
82752-99-6;Nefazodone (hydrochloride);0.767993228672681;2.37653737414061
894-71-3;Nortriptyline (hydrochloride);0.768333846397188;0.75210603662233
50-04-4;Cortisone (acetate);0.790574404423568;3.10070637595345
113-52-0;Imipramine (hydrochloride);0.805257713187049;1.65013068141816
548-66-3;Drofenine (hydrochloride);0.807588003687508;1.89738189343204
22832-87-7;Miconazole (nitrate);0.807889784533361;0.344302147796861
62288-83-9;Desmopressin (Acetate);0.811222081370291;2.05117603047826
1177-87-3;Dexamethasone (acetate);0.814640157071612;3.08460004711139
33125-97-2;Etomidate;0.816826150938243;2.18504877214867
1072833-77-2;MLN2238;0.817324833903609;3.58298947248559
26159-34-2;Naproxen (sodium);0.822075889748901;2.72075341483194
155141-29-0;Rosiglitazone (maleate);0.82812248847596;2.50945732936097
706782-28-7;Pimavanserin tartrate;0.832876773211962;2.71081167523226
113-59-7;Chlorprothixene;0.842955204193127;1.18283168609382
1239908-20-3;MLN9708;0.858697201320748;3.66248968107688
868540-17-4;Carfilzomib;0.8591108105944;3.44458817607877
30299-08-2;Clinofibrate;0.86901418404245;3.15680154423451
88150-47-4;Amlodipine (maleate);0.870311813660056;2.83665185017112
21535-47-7;Mianserin (hydrochloride);0.878419804520972;3.7387880902321
198470-85-8;Parecoxib (Sodium);0.898241066290559;3.1370861719866
56180-94-0;Acarbose;0.921914107508822;4.06131103895761
404950-80-7;Panobinostat;0.92325533250955;3.88486397299108
162011-90-7;Rofecoxib;0.936867624426674;3.9292136687667
8067-24-1;Dihydroergotoxine (mesylate);0.970529904147323;3.78341216654186
154598-52-4;Efavirenz;0.975564269802962;1.8404298559127
112529-15-4;Pioglitazone (hydrochloride);0.992071237468845;1.36385081188759
58970-76-6;Bestatin;0.993296428658333;3.89179478940633
27848-84-6;Nicergoline;1.01069354749986;2.17703586539997
3380-34-5;Triclosan;1.02819649856269;1.33168469576133
3543-75-7;Bendamustine (hydrochloride);1.05642712762537;2.99921605344679
2444-46-4;Nonivamide;1.07347447919898;2.68494401684296
17440-83-4;Amiloride hydrochloride dihydrate;1.10288593431426;2.43673757610557
1847-24-1;Flucloxacillin sodium;1.10528298176649;4.39009532220672
866323-14-0;Belinostat;1.2638148296106;5.55989499967785
68030-18-2;Berberine (chloride hydrate);1.30726938254595;4.57731593912657
54965-24-1;Tamoxifen (Citrate);1.32910360159863;4.74683333805258
1098-60-8;Triflupromazine (hydrochloride);1.34182535221775;1.33035382164549
41354-29-4;Cyproheptadine (hydrochloride sesquihydrate);1.34819702215364;2.69771043736601
70-30-4;Hexachlorophene;1.43439775925463;3.1469538292455
1435-55-8;Hydroquinidine;1.45361402686007;2.5131593704785
10540-29-1;Tamoxifen;1.48981018389581;5.30933828982711
73151-29-8;Fenticonazole (Nitrate);1.56506987685428;5.49215300805887
58-32-2;Dipyridamole;2.01221636567356;4.49440579440176
24168-96-5;Isoconazole (nitrate);2.0276038099597;3.90041838954101
190791-29-8;Lasofoxifene (Tartrate);2.43706607609463;2.87361408983593
58-27-5;Menadione;2.66508343389238;5.23746812915267
656247-17-5;BIBF 1120;2.71057714644483;3.08082789207866
656247-18-6;BIBF 1120 (esylate);2.85072085795841;3.76201948020208
119413-54-6;Topotecan (Hydrochloride);2.92040936940712;5.81737114041948
557795-19-4;Sunitinib;3.02334258071954;5.81548959957352
23541-50-6;Daunorubicin (Hydrochloride);3.09263609903971;4.68824754195797
130-37-0;Menadione bisulfite (sodium);3.20704933465237;5.9420299593873
56390-09-1;Epirubicin (hydrochloride);3.34596786273959;5.97991833158664
75507-68-5;Flupirtine (Maleate);4.35421800318761;5.87818224788653
57852-57-0;Idarubicin (hydrochloride);4.95284607307977;5.27568730646988
65899-73-2;Tioconazole;5.56252467693933;4.97177158978616
752-56-7;Riboflavin Tetrabutyrate;5.81031678192181;5.65579210168916
