inchikey,smiles,eos4rta,eos7yti,eos4e41,eos2l0q,eos3le9,eos4tcc,eos6oli,eos9yui,eos9ei3
VFTICADFEWRDBW-UHFFFAOYSA-N,CC(=O)SCC(=O)CC1=CNC2=CC=CC=C12,0.2303228401429256,0.0001531224459455,0.0077099373331293,0.0340580518675781,0.516699697693714,0.2321115,-3.316,6.203556,2.285732
GRVRTJPLKMLTIY-UHFFFAOYSA-N,COC1=CC=C(CSC2=NN=C(N)S2)C=C1F,0.2226682543929978,0.0004132297551118,0.572025579214096,0.0279469292248863,0.290571172848821,0.3633315,-4.351,-10.352271,2.174169
ZYPSGDDIVJUEGK-UHFFFAOYSA-N,COC1=CC=C(CC2=C(C3=CC=CC(Br)=C3)N=C3C=CC(Br)=CN23)C(C)=C1,0.2998901281031325,0.0139675522992997,0.0054340359667548,0.187263977953198,0.776572862796893,0.18010257,-8.343,-5.7920566,2.402356
JJGIOWNLYSRISR-UHFFFAOYSA-N,N=C(N)C1=CC=C(N2CCCCC2)N=C1,0.1602562626036673,3.5960109570889215e-05,0.0028845318633329,0.022290568690466,0.268527759497437,0.35163477,-1.544,-3.1712804,2.027511
SLJYPZJZQIHNGU-UHFFFAOYSA-N,O=C1CCC(C2=CC=C(O)C=C2)CC1,0.1073272676884909,1.223282331531181e-05,0.0002085794442564,0.0155960459654561,0.34322746680966,0.11128898,-2.49,3.7520266,2.049318
WCEUEJABIAOXII-UHFFFAOYSA-N,CCC1=CC=C(CNC2=CC=C(CO)C=N2)C=C1,0.1435079729286871,8.452593845419814e-05,0.0056296750291949,0.0141118002468708,0.278809399062771,0.12995134,-2.588,-9.568118,1.853184
VBSIRPKETMNYPS-UHFFFAOYSA-N,ClC1=CC=C2C(=C1)N(CCCCN1CCC(N3CCCC3)CC1)C1=CC=CC=C1S2,0.2562632238263688,0.0020258941388159,0.0016217092939768,0.258251110707705,0.846344817821423,0.40015122,-4.873,-8.420461,2.376461
LYHRRHUWVCLRBW-UHFFFAOYSA-N,O=C(C[N+]1=CN(C2=CC=C(C3=CC4=CC=CC=C4O3)C=C2)C=C1)C1=CC=C(F)C=C1,0.3233192347453683,0.0141354699462906,0.0034541953085863,0.0480889372181847,0.722175463026619,0.3211653,-4.921,-10.281641,2.530742
DMLKIPNNHZMBNE-QGFMHUBQSA-N,N[C@H]1C[C@@H](N)CN(C2=NC(NC3=CC=C(NC(=O)C4=CN=C5C=CC=CC5=C4O)C=C3)=NC(N3C[C@@H](N)C[C@@H](N)C3)=N2)C1,0.3841122637086382,0.0002462353097697,0.0824793990701437,0.124955318356119,0.649541798703053,0.35419253,-3.821,-1.9207522,4.135437
OPWTXLYFHOGKJO-UHFFFAOYSA-N,COC1=CC=C(C2=CC=C(C(N)=O)C=N2)C=C1OC1CCCC1,0.2267122579881941,9.031949302158452e-05,0.0048960848012939,0.0262015413840723,0.319497859953958,0.31844226,-4.308,-8.556455,2.060521
UEWRHTSERXIBRC-UHFFFAOYSA-N,COC1=CC2=NC=NC(NC3=CC=C(F)C(Cl)=C3)=C2C=C1OCCN1CCN(C)CC1,0.3857660535727125,0.0001160287095764,0.0253182892105542,0.135278305068105,0.719261422418759,0.32724229,-3.714,-2.288975,2.330913
GRCJQHVRTCZRLP-DKYXIQLCSA-N,CSCC[C@H](NC=O)C(=O)N1CCC[C@@H]1C(=O)OCC1OC(N2C=C(F)C(=O)NC2=O)CC1O,0.3820156495860691,1.5768332108785922e-05,0.1799670748412609,0.032749388592801,0.61029837312165,0.3355563,-2.633,5.7060413,4.21984
MPOQKRRSVBEDRX-UHFFFAOYSA-N,COC1=CC=C(C[S+]([O-])C2=CC=C(N)C3=NON=C23)C=C1,0.2543921694537241,0.0004765092534196,0.0081705439428333,0.0355459684986892,0.321199145451128,0.20310894,-2.324,-0.5665667,3.608061
JOIYVAOMEJSCBK-UHFFFAOYSA-N,CCC1=NNC2=C(Cl)C=CC(NC3=C(C4=NC=CC=N4)OC4=CN=CC=C34)=C12,0.4004928656141421,0.0003936534392888,0.0266315668355673,0.123108709210329,0.62888828140614,0.07608712,-6.076,5.874406,3.099568
HALVHRXAXSOEJW-UHFFFAOYSA-M,COC1=CC=C2C=C3[N+](=CC2=C1OCCN(CCN1C=NC([N+](=O)[O-])=C1)CC1=CC=C(Cl)C=C1)CCC1=CC2=C(C=C31)OCO2.[Cl-],0.435328690353066,0.008526108576234,0.0502210224978625,0.176258951127019,0.790618494497521,0.44517925,-5.455,-9.7268715,3.455258
OYDOPLZDDBTLCK-LJQANCHMSA-N,N=C(N)C1=CC=C(CNC(=O)C2(NC(=O)[C@@H](CC3CCCCC3)NCC(=O)O)CCCC2)C=N1,0.2705872038829889,7.039275784043091e-06,0.070714022219181,0.0898115339070025,0.599892110308046,0.06662819,-3.032,6.832018,3.343451
QNCAXVKLUSQJPM-UHFFFAOYSA-N,CC1(C)N=C(N)N=C(N)N1OCCCOC1=CC(F)=C(F)C=C1F,0.2570662667499542,0.0019524341032967,0.5723627179861068,0.058672742614214,0.579355769846768,0.048182566,-4.255,-5.9803367,2.990772
YVHXBAKYSIZEMK-UHFFFAOYSA-N,O=C(NNC1=C(Cl)C=CC=C1Cl)C1=C(F)C=CC=C1Cl,0.1883744606643833,2.2816792071798863e-05,0.1155069723608903,0.105568279467148,0.671256280113651,0.40975827,-6.649,-8.026386,2.084402
XSABXKPOGIXTLP-UHFFFAOYSA-N,CC(=O)NCC1(C)CC(=O)N(CC2=CC=CC=C2)C1=O,0.1095788745244573,7.232610687971741e-05,0.0024302414643898,0.0205589643885263,0.227476886886121,0.0904152,-2.517,-9.085493,2.771883
SZRWYWZYJHGAFX-UHFFFAOYSA-N,CC1=CC(O)=C(SC2=CC=CC=C2)C(=O)O1,0.1529675079048968,0.0001365931720219,0.0056593413828522,0.0714504032222836,0.463522119250323,0.6860465,-3.519,4.742655,2.302358
DAYGTXIWUJVABE-UHFFFAOYSA-N,NC1=C(NC2=CC=C(F)C(Cl)=C2)C2=CC=NC(C3=CC(F)=NC(F)=C3)=C2O1,0.3818665745828621,0.0206202989723872,0.0782393725588917,0.0876996066934201,0.725101480379227,0.4114779,-6.966,4.54824,3.063668
XPGCATDCNBPISB-UHFFFAOYSA-N,CC(C)(C#N)C1=CC=C(OC2=CC(F)=C(S(=O)(=O)NC3=NN=CS3)C=C2Cl)C(C2=CC=NN=C2)=C1,0.2284162204201766,7.04112079993237e-05,0.065656313393265,0.12092333232747,0.528991052482774,0.24692091,-7.499,7.362272,3.130515
KGKDQOLJMJPKKP-VGTSSDOASA-N,CN(C)C1=CC=C(/C=C/C(=N\NC(=O)NC2=CC=C(F)C=C2)C2=CC=C(O)C=C2O)C=C1,0.2341309616044453,2.867256250625996e-05,0.0378900888841599,0.202791358269772,0.70821288147142,0.24207923,-6.217,-0.5069225,2.585354
SNRFPPXPEBWCDV-UHFFFAOYSA-N,O=C1CCC2=CC=C(OCCCCN3CCN(C4=CC=C(F)C5=CC=CC=C45)CC3)N=C2N1,0.2789742765926815,0.0058522888121693,0.0522242145612835,0.166582491177598,0.821997451363226,0.057893917,-5.239,7.656343,2.547602
DQSJVQNVTYFNFN-UHFFFAOYSA-N,CC1=CC=CC(N2C=NC3=CC=C(C4=CC=NC5=C4C=CN5)C=C23)=C1,0.3980326923641308,0.0018712353323128,0.0134474338963627,0.147750424171955,0.712642396818084,0.34684032,-6.247,1.4718992,2.372892
XKDFZZUFCHOVRN-GOTSBHOMSA-N,CC1=NOC([C@H]2C[C@@H]2C(=O)NCC2=CC=C(C3=CC=CC(OC(F)(F)F)=C3)C3=C2CN(C(=O)NC(C)(C)C)CC3)=N1,0.2972074591566647,0.0003990061333504,0.0003641988141453,0.108314766354351,0.744941774013133,0.17420223,-6.613,0.82187855,3.776957
AUFZJTVUOYEOQJ-UHFFFAOYSA-N,CCC(CC)C(=O)N(C)C1=C(C)N=C2C(OCC3=CC=CC=C3C(=O)OC)=CC=CN12,0.2005615929387777,7.888331720629255e-05,0.0055950338952243,0.0490446855513808,0.530448465630895,0.41434065,-5.929,-10.678501,2.696717
JNFLWFSFUTUMCR-QRDYFNKKSA-N,C[C@@H]1NC(=O)[C@H](CC(N)=O)NC(=O)C2=CC([N+](=O)[O-])=CC(I)=C2OCC[C@@H](C(=O)NC(CC(=O)O)C(N)=O)NC1=O,0.2324217924195158,4.995348950780761e-05,0.0453588914708234,0.0300221834779473,0.487205915917325,0.40975255,-3.376,2.9201388,4.767284
WROQCXULSBZMCN-UHFFFAOYSA-N,NC1CC(CF)CN(C2=CC=NC=C2NC(=O)C2=CSC(C3=C(F)C=CC=C3F)=N2)C1,0.2791267145381783,0.0029249378269171,0.0275460184784606,0.0702046570932286,0.518019817656593,0.40629512,-5.396,4.387262,3.568953
ZLGSQILIYXYAOK-MHECFPHRSA-N,CC1=CN([C@H]2C=C[C@@H](COC(=O)CN3CCN(C4=CC5=C(C=C4F)C(=O)C(C(=O)O)=CN5C4CC4)CC3)O2)C(=O)NC1=O,0.273551610222558,0.0001548866892805,0.9879494786262512,0.0715322971563753,0.659160426704487,0.17395729,-4.273,-0.9412246,3.894484
PWFIVVWXVGTAHD-UHFFFAOYSA-N,CN1C(C2=CC=C(Cl)C=C2)=NN=C1C1(C2=CC=C(Cl)C=C2)CCC1,0.2080935025739611,0.0054880775042702,0.0042097449360881,0.0979389594066205,0.708430748230453,0.22636151,-6.598,-7.2698994,2.313443
VVSAXPQZSYGEFL-UHFFFAOYSA-N,N#CC1=C(N)OC2=C(C(=O)OC3=CC=CC=C23)C1C1=CC=C(Br)C=C1,0.374447454688293,0.0025567701309797,0.0090375029132701,0.0723276248485525,0.524337157966301,0.2923896,-6.613,-4.9894195,2.88316
LSGZPGIITGBWCI-UHFFFAOYSA-N,CCCCCCCCCCCCOC(=O)CCCC(=O)OCCN1CCN(C2=CC(NC3=NC=C(C(=O)NC4=C(C)C=CC=C4Cl)S3)=NC(C)=N2)CC1,0.4128138808594755,1.8545283956211927e-05,0.0323084561387077,0.174808131560876,0.623616445821288,0.14366965,-7.684,-3.9357064,3.171555
WSCYUHHQTXEAFR-UHFFFAOYSA-N,CN1CCN(C2=CC=NC(NC3=CC=C4C(NC5=CN=CC=N5)=CC=NC4=C3)=N2)CC1,0.4425471413053533,0.0003286173816109,0.0146133189904503,0.109484361219375,0.577222897400948,0.1896402,-3.568,-6.558236,2.57778
KBEZZFIQPRMPRG-UHFFFAOYSA-N,CCN(CC1=CC=CS1)C1=NC=NC2=CC=C(C3=CC=C4C(=C3)OCO4)C=C12,0.4319264161149842,0.0084883162578125,0.0012551115243695,0.0879780886359326,0.66102593007508,0.41765898,-6.56,-6.2032313,2.469973
LUPZBZULIIFING-HNNXBMFYSA-N,COC1=CC=C2OC(C(=O)N3CCC4=C(C(=O)N(OC)C(N[C@@H](C)C5=CC=C(C(F)(F)F)C=C5)=N4)C3)=CC2=C1,0.2131749166417781,0.0048372787409991,0.0024853398514096,0.107788566676077,0.674089818619428,0.42281568,-7.396,-5.847716,3.395222
WASQJNJVOQBCCU-BTFPBAQTSA-N,O=C(OC[C@H]1O[C@@H](N2C=C(F)C(=O)NC2=O)C[C@@H]1OC(=O)[C@@H]1CCCN1)[C@@H]1CCCN1,0.4585542570490196,0.0001264956075315,0.1189128823578357,0.0360092750213235,0.523876420049884,0.40390596,-2.431,2.5033793,4.237973
WAPJTWGSGSODNI-UHFFFAOYSA-N,CN1C(=O)C2=C(C3=CC=CC=C3)N3C(=C2N(C)C1=O)C(C1=NC=CS1)NCC3,0.2350365065730815,0.0017136146638085,0.1899056545458734,0.0885366831390377,0.59339758227501,0.41392326,-3.912,-1.776905,3.38154
LRKXGDGPEYXVHS-UHFFFAOYSA-N,CC1=CC(=O)OC2=CC=C3OC4=CC=CC=C4C3=C12,0.4160879092904284,0.0027553624535545,0.0168076950125396,0.0817869723224581,0.788509156979677,0.88765013,-5.27,10.173157,2.222319
OYWPKJMMVVHGCE-UHFFFAOYSA-N,CC(C)(C(=O)O)C1=CC=CC(C2=CC=C(C(CC3=CC=[N+]([O-])C=C3)C3=CC=C(OC(F)F)C(OC(F)F)=C3)C=C2)=C1,0.385477777378775,0.0038867415161726,0.0268888701102696,0.180409321587914,0.688835214775787,0.19963965,-5.829,-2.0660837,3.417793
VRCMAKRPCCOWOA-IVPXSCQRSA-N,CCC(=O)N[C@@H]1CC[C@@H]2[C@@H](C1)C[C@H]1C(=O)O[C@H](C)[C@H]1[C@H]2/C=C/C1=CC=C(C2=CC=CC(F)=C2)C=N1,0.3872258400937658,0.0002946130025402,0.0017357289689925,0.100414145367019,0.773637851067529,0.077571176,-7.029,6.5735574,4.348619
JQRYJGJKLKQPGV-FAKWAEIUSA-N,CN(C)CCNC1=C(/C=C/C2=[N+](C)C3=CC=CC=C3C2(C)C)CCC/C1=C\C=C1\N(C)C2=CC=CC=C2C1(C)C.[I-],0.3796852031946241,0.0046957474050308,0.2854134485125542,0.268760984365371,0.677357907035811,0.24127431,-2.013,2.8337662,3.508439
WLXGLRSPESJCTI-OVCLIPMQSA-N,CC1=CC=CC(/C=N/NC(=O)CN2N=C(C)C=C2C)=N1,0.1743879832236125,4.278754187129689e-05,0.0686562899500131,0.0440929684310478,0.371042159724708,0.25125724,-3.227,-7.1524363,2.403276
SXSYRNDDERNWBB-UHFFFAOYSA-N,COC1=CC=C(C(C)C)C=C1C1=C(CN(CC2=CC(C(F)(F)F)=CC(C(F)(F)F)=C2)C2=NC=C(N3CCC(N)CC3)C=N2)CC(C)(C)CC1,0.3784233344199208,0.047168238439701,0.0238834770396351,0.205076495612177,0.755262945108794,0.05653887,-7.625,2.3449085,3.468069
JBVYKHPDEPWWRE-UHFFFAOYSA-N,CN1CCN(C2=CC=C(NC3=NC=C4C(=N3)C3=C(C(C(N)=O)=CN3C)C(C)(C)C4)C=C2)CC1,0.2972180445933915,1.9792520663132193e-05,0.0244616829673759,0.0942228149630597,0.735328081173219,0.11435273,-4.029,-4.483158,2.900602
ULBIVVURQUFTNP-UHFFFAOYSA-N,NC1=NC=NC2=NC(C3=CC=CC(O)=C3)=C(C3=CC=CC(O)=C3)N=C12,0.3247432058219576,0.0035999657753198,0.0048415097757242,0.0672053745653145,0.603610949881657,0.310454,-4.813,1.3120896,2.417432
LCSDNUGIEBQYTM-UHFFFAOYSA-N,COCCN1C(SCC(=O)NC2CCCC2)=NN=C1C(C)C,0.1097150273389276,8.440284671959276e-06,0.0269801118643954,0.0373259593719579,0.328227409364753,0.11146638,-3.18,-12.711347,2.272255
SSHUJNUARSWDGM-UHFFFAOYSA-N,COC1=CC(C(F)(F)F)=CC=C1C1=NC=NC2=C1CCN(S(=O)(=O)NC1=NC=CS1)C2,0.2847646038026239,0.0001011022530697,0.0002353896833824,0.0460944320762309,0.578698985508545,0.3925589,-5.908,3.0607295,2.904677
YYDNWQYQAUCOSM-CMDGGOBGSA-N,COC(=O)/C=C/C1=CC=C(CNC2=CC(=O)C3=CC=CN=C3C2=O)C=C1,0.272007679561357,5.868834606147852e-05,0.0107717549079097,0.109937309011451,0.663157157265836,0.34864673,-4.793,-4.743681,2.495628
SGFXIGDZMUKKKK-UHFFFAOYSA-N,C1=CC=C(C2=CC=C3N=CC=C(NC4=CC=C(N5CCOCC5)C=C4)C3=C2)C=C1,0.4571117489554885,0.0011049399790479,0.0007805230869053,0.173221311256068,0.685798977693421,0.14848988,-5.583,-9.722439,2.028462
JBYWTQVZDGPHNS-DQSJHHFOSA-N,CC/C(=C(\C1=CC=C(I)C=C1)C1=CC=C(OCCN(CC)CC)C=C1)C1=CC=CC=C1,0.2432438654461131,0.0005089439829378,2.3990650488769917e-05,0.301678341237502,0.75562535059998,0.6391838,-6.623,-6.194024,2.289012
RXVZMARDNUYHJH-UHFFFAOYSA-N,COC1=CC=CC(C(=O)OCC2=CC=CC(C)=C2)=C1,0.0925299744476468,0.0001634921047502,0.0012587112520122,0.0238459357685607,0.415698863587609,0.9498396,-4.304,-9.507189,1.527841
HYXPKYAXIADQIJ-UHFFFAOYSA-M,CCN(CC)CCCNC1=C2C=CC=CC2=[N+](C)C2=C1OC1=CC=C(OCC3CC[N+](C)(C)CC3)C=C21.[I-].[I-],0.420167060653956,0.000611791404515,0.0216088145039975,0.286120465142194,0.731256181304279,0.61663663,-1.127,-2.4371626,3.55319
APRZSOBLBFMURG-GRGXKFILSA-N,CCOC1=CC(CN2CC3(CC([C@H]4CC[C@@H](C(=O)O)CC4)=NO3)C2)=CC(OCC)=C1C1=CC=C(F)C=C1,0.4145305146919569,0.0003566801551903,0.0009870674393823,0.0811699078610922,0.712693010898575,0.5657133,-5.878,0.79363406,3.394956
PULAKLDBZCKWIW-UHFFFAOYSA-N,COC1=CC=C(OC)C(NC(=O)CCNS(=O)(=O)C2=CC=C3C(=C2)CC(C)N3C(C)=O)=C1,0.0967692298797777,1.670980005056863e-05,0.0002226551450803,0.0226567156254466,0.422500418389584,0.1712374,-4.679,-4.9288836,2.741359
RBKKKJWFRWVLQY-SRZZPIQSSA-N,CC1=CC=C(/C=N/NC2=CC=NC3=CC(Cl)=CC=C23)C(C)=C1,0.3790764560075274,0.0018868112447103,0.1045734945684671,0.14318384435333,0.713149345784322,0.06557569,-5.989,-9.923086,2.171923
QSEJOZAGULTILJ-UHFFFAOYSA-N,CC(NC(=O)NC1=NC=CC=N1)(C(F)(F)F)C(F)(F)F,0.13688339310281,1.941524788209183e-05,0.0018177390511482,0.070859886919159,0.537641107510761,0.40956137,-3.154,0.34070665,2.767462
FRJNADGQNLMKMU-UHFFFAOYSA-N,CC1=CC=CC=C1C(=O)NC(NCC1CCCO1)C(Cl)(Cl)Cl,0.1387086731969243,3.058916297323728e-05,0.027043762471294,0.0535356350034718,0.63237802545033,0.468138,-2.968,-9.220225,3.098597
SFRCPMXTOWXILH-UHFFFAOYSA-N,COC1=CC=C(OCCN2C=C(C=O)C3=CC=CC=C23)C=C1,0.2499284688268716,0.0024331057385311,0.0031145464192377,0.0340150114395835,0.489757844772338,0.11171997,-4.132,-5.2257857,1.915237
HIVFAGONXYMEDS-UHFFFAOYSA-N,CCN(CC)CCCNC1=NC2=CC=C(Cl)C=C2C(C)(C)C1,0.1488896295568947,0.0008088041828847,0.0007985138799995,0.107958752958666,0.788884610836388,0.047372032,-3.384,-6.3029175,2.830638
GCPPVCWHGSQHNK-UHFFFAOYSA-N,COC1=CC=CC(CNC2=NC3=CC=C(OC4=CC=NC5=CC(OC)=C(OC)C=C45)C=C3S2)=C1,0.3893558118749464,0.0019100842335126,0.0194188130553811,0.201898192194302,0.80605795099987,0.14963038,-8.268,-4.775778,2.345745
WLEPXFAEZWYFFN-UHFFFAOYSA-N,N#CC1=CC=CC(C2=CC=C3C(=C2)CCN(CC2=NC4=CC(Cl)=C(Cl)C=C4N2)C3C2CCN(CC3CC3)CC2)=C1,0.4191067503432122,0.0395297257064223,0.0025191936918417,0.374563490076209,0.73682671664929,0.6776635,-7.027,-7.0673714,3.333713
QWXMOZLDROFVJG-LVZFUZTISA-N,CCOC(=O)C1=C(N)N(C2=CC=CC=C2)/C(=C2\SC(=S)N(C3=CC=C(C)C=C3)C2=O)S1,0.215460022665319,0.0003247166188601,0.0978659045998938,0.250042045565155,0.639523640431632,0.29721197,-7.351,-6.6822314,2.770396
QJQCNLRJDPNCKB-UHFFFAOYSA-N,CC1=CC(Cl)=CC2=C1NC(C1=CNN=C1C1=CC=C(Br)C=C1)NC2=O,0.2327446169143021,0.0026182776863337,0.0163786826713476,0.0994737563914473,0.694608068053605,0.29432443,-6.138,-7.7063875,3.412358
PACRWHUPEPCFHX-UHFFFAOYSA-N,CC(=O)C1=C(C)C2=CN=C(NC3=CC=C(N4CCN(CC5=CN(CCOCCNC6=CC=CC7=C6C(=O)N(C6CCC(=O)NC6=O)C7=O)N=N5)CC4)C=N3)N=C2N(C2CCCC2)C1=O,0.4373641936059916,0.0005746585992405,0.1028041174635291,0.0854877792146061,0.696628541454845,0.29518172,-6.707,6.1012545,4.32185
XOCZGIFMFBFPGQ-UHFFFAOYSA-N,CC1=CC=CC=C1C(=O)NC(C1=CC=NC=C1)C(NC(=O)C1=CC=CC=C1C)C1=CC=NC=C1,0.1488619259508304,6.505237159424992e-05,0.007792471256107,0.0942564573779002,0.561168881050441,0.34612212,-5.508,-10.522661,2.994075
JAAMOZDLMVJTNT-MKMNVTDBSA-N,O=C1C2=CC=CC=C2C(=O)C2=C1C=C(/C=N/O)O2,0.1066525896895665,0.0001137314807576,0.0172281237726565,0.0590751608226841,0.506039594631212,0.36366034,-3.709,0.6432731,2.693734
QYFPOUWRZVTOCE-YVMONPNESA-N,FC1=CC=C(/C=C\C2=CC3=CC=CC=C3N=C2Cl)C=C1,0.3345253853723235,0.2397723133765673,0.0568695255555212,0.0527605377279636,0.631153173373071,0.2534164,-6.301,-7.2729697,1.971645
LGIFDRMRYOXUCN-OMXGPXTPSA-N,O=C(CN1CC[C@@H](NS(=O)(=O)C2=CC=CC=C2)C1)NC1CCC2=CC(F)=CC=C2C1CC1=CC=CN=C1,0.1647671068004102,0.0008144644199247,0.009338101837784,0.0998360060973332,0.597238796793722,0.27212757,-5.519,-8.900195,3.51523
ZDJKIXJFTBHEJK-UHFFFAOYSA-N,O=C1C(O)=C(NC2=CC(Cl)=C(OC3=CC=C(O)C(OC4=CC=CC=C4)=C3)C(Cl)=C2)C1=O,0.1908888705031183,0.0004411276501986,0.0668228446040302,0.0778384303481634,0.509017031163801,0.21643753,-8.391,2.092088,2.498532
PKLNFRYDFDUUJP-UHFFFAOYSA-N,CO/N=C(\N)C1=CC=C(COC2=CC=C(/C(N)=N/OC)C=C2I)C=C1.Cl.Cl,0.2416871327446682,0.0003946750989253,0.0526117623317986,0.190606182938328,0.664233025364771,0.6699402,-3.345,-9.904574,2.74822
VXRCHIBVBRJPHN-UHFFFAOYSA-N,CC1=CC=C(C2=CC(CN3CCN(C)CC3)=C(C)N2C2=CC=C(F)C=C2)C=C1,0.3332518821192575,0.0015354894968001,0.0097755813389085,0.100224917656265,0.73968635975679,0.67639804,-4.227,-9.080151,2.144745
REXKYKQKJNSOLG-UHFFFAOYSA-N,C=C1NC(CO)CC2=CNC3=C(C(C4=CNC5=CC=CC=C45)C(O)CO)C=CC(=C23)N(C)C1C(C)C,0.4362829498897948,0.002677799702994,0.0149028756190091,0.173970698602025,0.738204003405837,0.02465714,-3.079,12.674673,5.00549
OEWNORSXNDWQFL-ZDUSSCGKSA-N,C[C@H]1CCN(S(=O)(=O)C2=CC(NC(=O)CN3N=NC4=C3CN(C)CC4)=CC=C2Br)C1,0.1572430494006746,4.166139307608875e-06,0.0005949758357019,0.0338854348147783,0.440069977320154,0.025095878,-4.391,-7.950982,3.270791
BZDPFDTWYHBSHP-HNNXBMFYSA-N,C[C@H](NC1=NC=NC(N)=C1C#CC1=CC=CC=N1)C1=NC2=CC=CC(Cl)=C2C(=O)N1C1=CC(F)=CC(F)=C1,0.3970777809369031,0.0013999864048547,0.1013629218563437,0.131755189955276,0.77947823816148,0.024533717,-8.181,-2.6776514,3.475394
ZPGAQFQDUHUCHB-UHFFFAOYSA-N,COC1=CC(C(N)=O)=CC(C2=CC=C3N=CN=C(NC4=CC=CC(C(=O)N5CCOCC5)=C4)C3=C2)=C1,0.3927258552222625,5.20259773162498e-05,0.000465659417955,0.0682372622592528,0.621995312608938,0.35651642,-5.567,-7.1933074,2.420489
DMKJLNPJLIDEIY-UHFFFAOYSA-N,FC1=CC=CN=C1N1CCC(NCC2=CC=CC3=C2NN=C3)C1,0.2469253727214308,0.001210333691606,0.0331828401656821,0.0537773852971338,0.432148195493956,0.63791233,-3.039,0.31478187,2.973405
PIWKUUTZFWFIOL-RFHZMROGSA-N,CC(C)CC(C)(C)C[C@H]1N(C)[C@@H](C(=O)NCC[C@H](O)CO)[C@H](C2=CC=CC(Cl)=C2)[C@@]12C(=O)NC1=CC(Cl)=C(F)C=C21,0.2755511863061077,0.0005850801618325,0.2184631813317537,0.182609396594412,0.751567972833129,0.10471462,-4.892,-5.96006,4.923902
DCRKSTFXDNYHDN-UHFFFAOYSA-N,O=C(C1CN(S(=O)(=O)C2=CC=CC(Cl)=C2Cl)C1)N1CCN(C2=CC=NC=C2)CC1,0.1128560500642012,3.150396326686734e-05,0.0003481897372552,0.03958473365617,0.383167568143881,0.2349368,-4.85,-11.636305,2.346256
CUEWOYAEVHHUTJ-XVNBXDOJSA-N,O=C(/C=C/C1=CC=C([N+](=O)[O-])C=C1)C1=CC=C(O)C(O)=C1,0.2095071050276166,0.0001968216421646,0.0059616480139084,0.068122077478607,0.595208846049323,0.1664665,-4.141,10.661089,2.071587
CJRHINFICMSRKT-UHFFFAOYSA-N,CC1(C(=O)NC2=NN=C(C(F)(F)C(F)(F)C(F)(F)C(F)(F)F)S2)CC1(Cl)Cl,0.1401778169505946,0.0001384249368105,0.0005995198896988,0.0516988899844938,0.577405564364572,0.45191088,-7.09,-7.774544,3.666421
IBBLFRRBQLNPHM-UHFFFAOYSA-N,O=C(C1=CC=C(F)C=C1)C1=CN=C(C2=CC=C(OCC3=CC=CC=C3)C=C2)N1S(=O)(=O)C1=CC=CC=C1,0.2104379755311924,0.0004602470416941,0.0012180214955151,0.100741978720692,0.814742578565428,0.9990452,-7.767,0.030773133,2.340236
SNSAQXZPGJSWDS-UHFFFAOYSA-N,FC(F)(F)C1=CC=C(CNCC2CCN(CC3=CC=C4C(=C3)OCO4)CC2)C=C1,0.404046155105784,0.0004918016134265,0.0227746045216917,0.130119533747935,0.823557789929641,0.5209425,-3.679,-10.563261,2.202241
UUFVAAYJGARGFX-UHFFFAOYSA-N,COC1=CC2=C(C(=O)OC(C3=CSC=C3)=C2C2=CC=C3C=CNC3=C2)C=C1OC,0.2783717877298866,0.0080821247572338,0.0081966090132482,0.0738016902818483,0.689425923005984,0.058114603,-8.247,-1.6133398,2.640303
AAGWGNWTWBWIPB-SGAXSIHGSA-N,C/C=C\C(O)(C(=O)OC1CN2CCC1CC2)C1CCCCC1,0.1297039705269094,5.4731379065691354e-05,0.0026228346482184,0.0452178595766401,0.356465505244764,0.013783533,-2.892,9.837091,4.458787
NXEADJBLBYYPHZ-CDRSNLLMSA-N,O=C1NC(=O)N(C2O[C@H](CO[N+](=O)[O-])[C@@H](O)[C@H]2O)C=C1F,0.4290334846331414,0.0001606066702882,0.4929762154817581,0.0319196426002304,0.449037143400013,0.7263012,-2.007,6.139485,3.883679
KOGYOPLNKQJQFM-PHDIDXHHSA-N,O=C1NC(=O)N([C@H]2CS[C@H](CO)O2)C=C1F,0.4201737848234553,0.0002416796962569,0.571817934513092,0.0223090792441324,0.390141657873728,0.13231732,-1.669,3.0627353,3.747731
WFJNHVWTKZUUTR-UHFFFAOYSA-N,CCC1CN2CCC1CC2C(O)C1=CC=NC2=CC=CC=C12,0.5902901271021579,0.000587742554648,0.0328971070237457,0.043422014616847,0.397011079360113,0.41779348,-2.799,10.266211,4.330909
SPTDUYMUHLKWKH-UHFFFAOYSA-N,N#CC1=CC(C2=COC=C2)=C2C=CC(OCC3=CN=CC(C4(O)CCOCC4)=C3)=CC2=C1,0.3799502469861366,0.0020392761212207,0.0008362034706806,0.0999000827374693,0.691485328553421,0.4765721,-5.821,4.3661427,2.941184
ZGORXGRBHSPHOG-UHFFFAOYSA-N,O=C(C1=CC=C(OCCN2CCCCCC2)C=C1)C1=C(C2=CC=C(OCCN3CCCC3)C=C2)SC2=CC=CC=C12,0.3844455536476471,0.0001114233427224,0.0003402764771635,0.225700661178451,0.682016111929574,0.47475412,-6.643,-10.421004,2.467958
IASUXOASOPXRFL-PAMZHZACSA-N,CCCCCNC(=O)C(CC1=CC=C(OC(C(=O)O)C(=O)O)C=C1)NC(=O)[C@H]1CCCC[C@H]1C(=O)O,0.114449575065706,1.0772486999345284e-05,0.0016137723296196,0.0871763242041821,0.473327366851156,0.0969162,-3.483,-4.474717,3.422896
REUVFOBMQUHYFX-UHFFFAOYSA-N,CC1=C(C2=NC(C3=CC=C(C#N)C=C3)=CS2)C(C2=CC=NC3=CC=CC=C23)NC(=O)N1,0.4478247700349773,0.0061438433152553,0.0271800970658659,0.0945801817820978,0.571859752306419,0.09607833,-7.672,-4.1549625,3.107821
FCFIMGYJKSFKSJ-OKCVXOCRSA-N,CC1=CC=C(CN2C=C(/C=N/NC(=O)CC3=NN=C(NC(=O)C4=CC=C(C)C=C4)S3)C3=CC=CC=C23)C=C1,0.2578480066183738,9.191614566326276e-05,0.1087066438049078,0.165547154510688,0.649657475324382,0.4142221,-8.091,-11.025579,2.467027
VDGWDOHSWJJKQV-UHFFFAOYSA-N,CC1=CC=C(CN(CC2=CC=CO2)C(S)=NCC(=O)NCC2=CC=CN=C2)C=C1,0.2509096368165752,2.103362799100344e-05,0.0045974199078045,0.0672892699943689,0.459125707040614,0.24850996,-4.912,-8.80528,2.658658
VTYYIGSBMPYSTJ-WUXMJOGZSA-N,CC1S/C(=N/N=C/C2=CC=CN=C2)NC1=O,0.1261049302887366,0.0001288441464368,0.2965968772768974,0.0342007686126513,0.344951424396734,0.1649137,-2.461,-8.230702,3.69649
JSBVZBNPPFFYSU-UHFFFAOYSA-N,CC1=CC(C)=CC(C(=O)OCCN2C([N+](=O)[O-])=CN=C2C)=C1,0.151916496372249,2.2561597607737604e-05,0.0057745173049625,0.0322424945216688,0.386928004210797,0.29504266,-4.423,-9.414086,2.399583
BLVTUXCPBJQIGY-UHFFFAOYSA-N,COC1=CC2=NC=NC(NC3=CC(NC(=O)C4=CC=CC(N5CCOCC5)=C4)=CC=C3C)=C2C=C1OC,0.4034199063289723,3.191899450843597e-05,0.0006958961146665,0.15159001948106,0.746118629308942,0.21246968,-6.176,-6.882838,2.361142
HLAAZUZARIFGMJ-UHFFFAOYSA-N,CC1=CC=C2NN=CC2=C1N(CC1CCCCC1)C1=CC=NC(NC2=CC=C(OCC(O)CN3CC=CCC3)C=C2)=N1,0.3832507804710818,0.0004829504984106,0.0008091811712802,0.222784712441633,0.685926267769835,0.3665071,-5.78,6.5804935,3.643646
DVDIKQQQXLCKGK-SFTDATJTSA-N,CCN1C[C@@H]2C[C@H]1CN2C1=CC(F)=C(C2=CC=NC3=C(C4=C5C(=CC=C4)NN=C5)C(C4=CC=NC=C4)=NN23)C(F)=C1,0.39223234615605,0.0038904781563078,0.0219430121942423,0.213852922205906,0.716475139260813,0.1205866,-6.713,10.828956,4.628303
WAAGETXJKVFISA-UHFFFAOYSA-N,CCCC(=O)NCC1=CC=C(F)C(OC)=C1,0.0889916686284227,1.819429797872927e-05,0.0014678011910291,0.0165693623295628,0.280285647970915,0.5827225,-2.887,-10.706284,1.685471
FUJMLRVGPZPFCD-QHCPKHFHSA-N,CN(C)CC[C@@H]1NC(=O)C2=COC(=N2)C2=COC(=N2)C2=CC(=CC=C2)C2=CC(=CC=C2)C2=NC(=CO2)C2=NC(=CO2)CNC1=O,0.3997928805060867,0.0010449739733002,0.025830679340288,0.0949992675263829,0.659933488320493,0.40028575,-6.106,-6.324284,5.979278
AQMNBSBCJPFTAD-ZAZKALAHSA-N,O=NN(CCCl)C(=O)N[C@@H]1CC(N2C=C(F)C(=O)NC2=O)O[C@@H]1CO,0.4106752137372402,5.315203661931912e-05,0.6431874871253968,0.0174535461045578,0.469099166932074,0.11737225,-2.502,10.704415,4.07195
YUFCNMYEHQBUMA-UHFFFAOYSA-N,CN(C)CC1=CC(NC2=CC=NC3=CC(Cl)=CC=C23)=CC(C2=CC=C(Cl)C=C2)=C1O,0.3882686815659337,0.0023792415044532,0.0353582090698182,0.371339229073119,0.775061866389373,0.29238242,-6.05,-5.338846,2.368156
BXCVYLDOQZSVNT-UHFFFAOYSA-N,O=C(NC1=CC=C(Cl)C=C1)NC1=CC=CC(CNC2=NC3=CC=C(OCCN4CCOCC4)C=C3S2)=C1,0.4017916464178541,0.0012358111374417,0.0004648296804589,0.19532672083762,0.688392872831394,0.3848647,-6.941,1.4063278,2.356603
OQBCLYYEIOWMNX-UHFFFAOYSA-N,O=C1NC(=O)C(=CNC2=CC=CC=C2S)C(=O)N1,0.1507019371079307,0.0002797424359793,0.0619218099222052,0.0869057965729413,0.634517447610082,0.11677484,-3.317,-9.721597,2.655397
SJJWYVDGVRXTKZ-NDENLUEZSA-N,CCCC1=C(COC2=CC=C(/C=C3\SC(=S)NC3=O)C=C2)C=CC(C(C)=O)=C1OC,0.1398652966011791,4.372482010320997e-05,0.0206549427006393,0.105290451497139,0.633556241630435,0.2891005,-8.007,-3.3435762,2.608989
PXURFKCXRZBPBS-OVVQPSECSA-N,CC1=CC=C(NC(=O)CC/C(CC(=O)C2=CC=C(F)C=C2)=N\NC(=O)C(=O)NN)C=C1C,0.2669529474957445,3.7522680452737536e-05,0.0025588238073396,0.148208527314003,0.729674586018035,0.2635942,-5.034,-10.841363,2.550751
KDHWXYCRFWFNAS-UHFFFAOYSA-N,CC1=CC=CC=C1CN1CCC(CNC2=NC(C3=CC=C(Cl)C=C3)=C(C3=CC=C(Cl)C=C3)S2)CC1,0.4631549221587207,0.0264764458443787,0.0201517537236213,0.403728202767617,0.76729114326988,0.14617537,-7.772,-9.570846,2.335798
JQZORGJKJKJHPO-UHFFFAOYSA-N,COC1=CC=C2C=C3[N+](=CC2=C1OCCN(CCN1C=NC([N+](=O)[O-])=C1)CC1=CC=CC(Cl)=C1)CCC1=CC2=C(C=C31)OCO2,0.4559873600468493,0.0184764076005274,0.0394505532458424,0.18087746936924,0.797297924173084,0.24627551,-5.927,-8.402562,3.39202
PQWIFCLBKGKDKN-UHFFFAOYSA-N,CC1CC2=NN(C)C(CC3=CC=CC=C3Cl)=C2C2=NC(NC3=CN(C4CCNCC4)N=C3)=NC=C12,0.4069827596089029,0.0012648547202683,0.0597588833421468,0.160705246276756,0.6670391082898,0.24605177,-5.71,0.05500269,3.676899
JPSWRULQKIRWQG-XZSOOZFNSA-N,CCN1C(=O)/C(=C2\SC3=CC(OC)=CC=C3N2C)S/C1=C\C1=CC=CC=[N+]1CCCCCCNC(=O)CCCC[C@@H]1SC[C@@H]2NC(=O)N[C@H]12.[Cl-],0.3827536033595064,0.0006750723211693,0.200062621384859,0.106991137937211,0.644487996466822,0.24529223,-2.06,3.8157978,4.670402
UHTCYYZDKLDSFJ-DEOSSOPVSA-N,CCN(CC1=CC=CC=C1)C1=NC=CC(C2=C(C)N=C(NC(=O)N3CCC[C@@]3(C)C(N)=O)S2)=N1,0.2118158015286709,6.21521843103211e-05,0.0027769264299422,0.0689682174452413,0.587493233830373,0.11017277,-5.413,-2.5947874,3.342466
MLQFZVYOUUFHRI-RTWAWAEBSA-N,CN1C(=O)C2=C(N3CCCC3)N(CC3=CC=C(C4=CC=CC(F)=N4)C=C3)N=C2N2C1=N[C@@H]1CCC[C@H]21,0.4537618504650215,0.0098452276095556,0.0381030864256899,0.157993316826193,0.782238612029006,0.8955111,-6.302,-5.6460876,3.837745
BRVYETPRGCQZJA-JMGYQRAPSA-N,C[S@+]([O-])C1=CC=CC2=C1N(CC1=CC=C(Cl)C=C1)C1=C2CCC[C@@H]1CC(=O)O,0.1978231557151642,0.0002275817458419,0.0109805805026553,0.112956215044064,0.581613983063648,0.88814265,-5.314,-5.245449,3.729561
ZATZPKWMHAVILZ-UHFFFAOYSA-N,O=C(C1CC2=CC=CC=C2CN1S(=O)(=O)C1=CC=C(F)C=C1)N1CCOCC1,0.1409362138667153,0.0002267764976938,6.641225136334583e-05,0.0206906139201759,0.287401647756342,0.85185605,-4.326,-11.42336,2.647725
JCBZBASAERQUKE-UHFFFAOYSA-N,CN(C)C1CCN(C2=NC=NC3=C2OC2=CC=C(Cl)C=C32)C1,0.2096565399882469,0.0003877609127154,0.0086727137095294,0.0572273473219649,0.622039228098069,0.8439609,-3.222,-4.682618,2.95835
PAGNERNSMOUOJL-MRVPVSSYSA-N,COC1=C(N2CC[C@@H](N)C2)C(F)=CC2=C1N(C1CC1)C1=C(C2=O)C(=O)NS1,0.2495558596560712,0.0003817870007852,0.9988469362258912,0.0813488762991118,0.518042395308057,0.025427163,-4.318,2.0137641,3.49714
GMMGPQYTVQPYNY-UHFFFAOYSA-N,CSC1=NC=C(Cl)C(C(=O)NC2=C(C(=O)NC3=CC=CC(Cl)=C3)OC3=CC=CC=C23)=N1,0.5309087317787687,0.0175174169981903,0.0357257693074643,0.0857083629632592,0.545305339516832,0.7896043,-8.252,-7.120407,2.425403
NSNBMHHTVLYYNO-ZHIQAQTNSA-N,O=C1N=C(N2CCC[C@H]2C(=O)NC2=CC=C3N=CN=C(NC4=CC=CC(Cl)=C4)C3=C2)S/C1=C/C1=CC=CC(Br)=C1,0.3918648218152146,0.0008285697513773,0.0278541635896544,0.16634378925787,0.661956207598611,0.24782677,-8.28,-2.9679153,3.216415
IHPIALVXPHPONZ-UKKRHICBSA-N,O=C(O[C@H]1C[C@H](N2C=C(F)C(=O)NC2=O)O[C@@H]1CO)[C@@H]1CCCN1,0.4121275146275153,0.0001326134187054,0.1803734004497528,0.022217694761678,0.368810273341471,0.24521399,-1.875,3.5733464,3.912768
ACLAJGXZPMTKKQ-UHFFFAOYSA-N,CN1C=NC=C1C(OCC1=CN(CC2=CC=CC(F)=C2)C(=O)C=C1C1=CC=CC(Cl)=C1)C1=CC=C(C#N)C=C1,0.3152170435802644,0.0187229985431416,0.0099004758318187,0.168733712637111,0.731052708925146,0.27953938,-7.943,-2.4707398,3.316407
ZLOZRAAVRLVUTH-UHFFFAOYSA-N,CC1=CC(C)=CC(NC(=S)N2CCC(C(=O)C3=CC=C(F)C=C3)CC2)=C1,0.188171995823864,1.4848440830488652e-05,0.000499146844595,0.0963967925375825,0.812120430062069,0.05650471,-6.523,-5.8198366,2.091505
RSQSXYQWUKFWHP-UHFFFAOYSA-N,CCCCCC1=CC=C(S(=O)(=O)NCCC2=C(C3=CC=CC=C3)NC3=CC=CC=C23)C=C1,0.1310770251560273,0.0005438765071349,0.0015628098168235,0.144150498673714,0.759675639687242,0.39331117,-6.548,-7.3142095,2.133997
PSOZCEKRBXNIJR-WMMXXEOUSA-N,COC1=CC=CC2=C(C3=CC=C4C(=C3O)[C@@H](C)N[C@H](C)C4)C=C(C3=C(C)C(C4=CC=C5C(=C4O)[C@@H](C)N[C@H](C)C5)=C4C=CC=C(OC)C4=C3O)C(O)=C12,0.4363181749798449,0.0053647975846769,0.2133711766451597,0.0959445279970506,0.605786169662886,0.40182397,-7.2,10.574392,4.848865
CNEUJSQUCXSRDD-UHFFFAOYSA-N,CC1=NC2=CC=C(C3=CC=NC4=CC=CC=C34)C(C)=C2C(=O)N1,0.3958947656119497,0.0048678460176054,0.0207966117188334,0.0903510768617902,0.677848338444612,0.1251248,-6.108,-4.495508,2.350806
NLLBBSDKZXVPRO-UHFFFAOYSA-N,COC1=CC=C2N=C3C=C(Cl)C=CC3=C(NCCCNCCCNC3=C4C(=NC5=CC(Cl)=CC=C35)C=CC(OC)=C4)C2=C1.Cl,0.3099477033096093,0.008026815420802,0.0516048552468419,0.369850432775406,0.749719881283965,0.21493952,-5.467,-10.549239,2.816819
CIXIDMRVXDGRJV-UHFFFAOYSA-N,COC1=CC=C(CN(CC2=CC=CC=C2)CC2=C(O)C=CC3=C2OC(C)=CC3=O)C=C1,0.1635019624723501,0.000309400235028,0.0116756555624306,0.104430968110313,0.687029811528672,0.76062256,-5.463,5.234582,2.286904
FTZJPVACCUYPRH-UHFFFAOYSA-N,O=C1N=C2N(C3=CC=CC=C3F)C3=CC=CC(Cl)=C3C=C2C(=O)N1,0.2679909407306455,0.0394193670557847,0.0791615290567278,0.157090577189212,0.558947450914471,0.04361756,-7.043,-7.051732,2.406868
PEXVJRSYTQCVFU-UHFFFAOYSA-N,CC1=CC=CC=C1C(=O)NC1=CC=C(S(=O)(=O)NC2CCN(C(=O)CCCN3CCOCC3)CC2)C2=CC=CC=C12,0.2447356167417907,6.0159566007480195e-05,0.0004613437269654,0.0650066334337153,0.533021554209494,0.8470277,-5.065,-11.424844,2.507716
VXJDWXDHKHVKGE-UHFFFAOYSA-N,CC(C)CN1C(=O)C(=CC2=CC=CC=C2)C(=O)N(CC(C)C)C1=O,0.1847181796661522,3.8985878669588946e-05,0.0227008110960014,0.0909718358075648,0.529979712799332,0.47189087,-4.07,-8.569042,2.304741
PZKKEOGCYNWGSA-UHFFFAOYSA-N,CC(OC1=CC(C2=CC(C3=CC=CS3)=CN=C2N)=CC=C1C(N)=O)C1=CC=CC=C1C(F)(F)F,0.3223012611683681,0.0123528334739364,0.0351815487723797,0.120714305353101,0.647517747872339,0.46488297,-7.581,-6.0266514,3.086264
QMCFBRPLMVFDBX-CZWSTMTISA-N,C[C@@H]1CCCCO[C@H](CN(C)CC2=CC=C(C(F)(F)F)C=C2)[C@H](C)CN([C@H](C)CO)C(=O)C2=CC(NS(=O)(=O)C3=CC=C(Cl)C=C3)=CC=C2O1,0.1632395961394533,0.0007398001190945,0.0100063408259302,0.133910852720777,0.701910088763174,0.46388927,-6.292,-1.6360129,4.438668
JZPFDUSVFDKDJU-NYTNZEMMSA-N,C[C@H]1CN(C[C@@]2(O)CC[C@@]3(C)[C@@H](CC[C@H]4[C@@H]5CCC(=O)[C@@]5(C)CC[C@H]34)C2)[C@H](C)CN1CC1=CC(C(F)(F)F)=CC=C1C(F)(F)F,0.3831718330965412,0.0035775989496951,5.6310471900289374e-05,0.156545200628688,0.716304925495465,0.23124568,-6.046,9.136902,4.89683
ZWSLETCZJJZPEH-UHFFFAOYSA-N,CNC(=O)C1=CN=C(OC2=CC(C(=O)NC3=CN=C(C)C=N3)=CC3=C2C=C(C)O3)C=N1,0.2188775303137065,2.4895228138480375e-05,0.0026602943962643,0.0707709136230041,0.593770619699688,0.07356749,-5.759,-6.38348,2.793141
LLKOIOPUDUDOFR-FJGPGAONSA-N,CS(=O)(=O)OC1=CC=C2C(=C1)O/C(=C\C=C\C1=CC=CC=C1)C2=O,0.2012145631300698,0.0029211867429041,0.0149989588768221,0.0704229648975761,0.552131182694106,0.351075,-5.119,9.5117855,2.503728
OCJCJHZUUXLOHA-UHFFFAOYSA-N,COC1=CC=C(Cl)C(NC2=NC=NC3=CC(OC)=CC(OC)=C23)=C1,0.3214822805907993,0.0001325849464589,0.0025479183357674,0.0988120539223913,0.654551871737248,0.37266284,-5.337,-3.310885,2.160448
GDFHQFHLYUVXNW-LJQANCHMSA-N,CCC[C@@]1(C)N=C(C2=CC=CC=C2)C2=CC(Cl)=CC=C2NC1=S,0.2477516604411813,0.0650927940619847,0.0083472386468201,0.121319497281417,0.733283214983171,0.3457526,-7.207,-3.641566,3.137228
WKQDFBKYIAEZEP-UHFFFAOYSA-N,COC(=O)C(=CC1=CC=C([N+](=O)[O-])C=C1)C(=O)OC,0.0904762364886175,4.8294224056812565e-06,0.0014464242784015,0.0260261518637543,0.40371279982772,0.24771553,-3.579,-2.9759421,2.232174
JUXGKFCANLESSD-UHFFFAOYSA-N,CCCCCCNC1=C(OC)C=CC2=C(CC3=CC=CC=C3)C3=[N+](C=C12)CCC1=CC2=C(C=C31)OCO2.[Br-],0.3798894959089707,0.0014296211413408,0.0806055938825011,0.321357410578735,0.761876814516808,0.24675919,-2.828,9.966538,3.101057
LWMHETDODOVEBY-UHFFFAOYSA-N,CCCCOC1CCC2=NC3=CC(Cl)=CC=C3C(NCCCCCCCCCNC3=C4C(=NC5=CC(Cl)=CC=C35)CCC(OCCCC)C4)=C2C1,0.3967124133074403,0.0040608860322818,0.0524393966421484,0.146855716682621,0.599695716595223,0.21846877,-7.847,-5.274812,4.064901
GUEJZPIBPZKHNG-UHFFFAOYSA-N,CCOC1=CC=CC2=C1N=C(N(CCN(C)C)C(=O)C1=CC=C3C(=C1)OCCO3)S2,0.1948512789979403,9.959515922601892e-05,0.0138012507231906,0.0403473943863775,0.511807665292292,0.1806477,-4.562,-3.388075,2.41929
HPXXKNABZRWSTG-LQKURTRISA-N,CN1C(C2=CC=CC=C2)=C(/C=N/NC2=CC=NC3=CC(Cl)=CC=C23)C2=CC=CC=C12,0.4450077171515565,0.0095074473629278,0.11268858499825,0.205194928652094,0.748381007656105,0.84211725,-7.976,-5.420869,2.347906
LFIYFGISUSRLNS-UHFFFAOYSA-N,COC1=CC=C(NC2=NC=NC3=CC=C(NC(=S)NC4=CC=CC(Cl)=C4)C=C23)C=C1,0.3946884248214576,0.0012489845649256,0.000613036588038,0.376872355011054,0.75569419716587,0.053027548,-8.358,-5.5612173,2.095186
PCCQQHMLBXTKGT-UHFFFAOYSA-N,CC1=CC=C2C(=C1)C1=CC=[N+]2CCCCC[N+]2=CC=C(C3=CC(C)=CC=C23)NCCCCCN1.O.O=C([O-])C(F)(F)F.O=C([O-])C(F)(F)F,0.3917816738586592,0.0006641833790464,0.0148454282432794,0.175451450726057,0.707163924441278,0.22366513,-3.531,5.2808695,6.139176
FMVWNXJKPZQHCA-UHFFFAOYSA-N,CCOC(=O)C1=CN(CC2=C(F)C=CC=C2F)C2=NC(C3=CC=C(NC(=O)NCC4=CN(CCOCCOCCN=[N+]=[N-])N=N4)C=C3)=C(CN(C)CC3=CC=CC=C3)N2C1=O,0.3088950941620911,0.0004761014579013,0.0505528548732399,0.0688446385759011,0.741322315646269,0.1727752,-4.885,2.848787,3.722764
NYBXYMGDFWQVNQ-UHFFFAOYSA-N,CCOC(=O)C1=C(NC(=O)CSC2=CC=CC=[N+]2[O-])SC(C(=O)NC2=CC=CC=C2)=C1C,0.1884585585378503,0.0006313712569659,0.0146421434357762,0.0694597877116971,0.587923431433048,0.36360866,-4.484,-9.611103,2.487243
VZIXWFKNRFFMNN-UHFFFAOYSA-N,CC(C)CN(NC(=O)C1=C2C(=NO1)C=CC=C2)C1=NC(C#N)=NC=C1Br,0.265861552454441,0.000213493651065,0.0178716834168881,0.0632251389722579,0.601639764615224,0.2342078,-5.414,7.840485,3.078028
BLFPUHXCVANUTH-UHFFFAOYSA-N,O=C(NCC1=CC=CN=C1)C1=CC=C(NS(=O)(=O)C2=CC=CC=C2)C=C1,0.0552005371404874,6.576468659222664e-05,0.0001188839248243,0.0189072671430134,0.251483424530214,0.3685626,-5.047,-9.318519,1.752379
PAGSICJZLWTLMM-UHFFFAOYSA-N,COC1=CC(OCC2=CC=CC(C3=CN=C(F)C(C)=C3)=C2)=C2C=C(C3=CN4N=C(OC)SC4=N3)OC2=C1,0.3788863643951408,0.0079083889233163,0.0421402890235185,0.162602601962535,0.738503586973012,0.20186721,-8.672,2.1778011,3.075696
SYQYTRMQKJCPNR-YSJJMVFISA-N,O=C1NC(=O)N([C@H]2C[C@H](O)[C@@H](COP3(=O)OCC(O)CO3)O2)C=C1F,0.4680822358801207,0.0003109473487967,0.0657556993886828,0.0293774650182483,0.496796288936334,0.94795054,-1.596,6.857222,4.383703
HKJICRDKLNIKKW-UHFFFAOYSA-N,ClC1=CC=C2C(NCCCCNC3=NC=CC(NC4=CC=CC=C4)=N3)=CC=NC2=C1,0.3830402025409897,0.0230711807465121,0.0178415967850014,0.34189680422796,0.748652951806808,0.55425465,-6.821,-6.2170224,2.321523
PHNAXDMXCYGYGB-OOFFNIEVSA-N,COC(CC1OC(=O)CC(O)C/C=C\C(=O)C(C)C(OC)C2=COC(=N2)C2=COC(=N2)C2=COC(=N2)/C=C\CCC1C)C(C)CCC(=O)C(C)C(C/C=C/N(C)C=O)OC,0.4116470393607204,0.0007172339005073,0.0260596242267638,0.145227691241425,0.703244064329403,0.3745884,-5.597,9.820886,7.740712
YTQSVAKKJXBNDL-UHFFFAOYSA-N,CCC1=C(C)CC(C(=O)NCCC2=CC=C(S(=O)(=O)NC(=O)NC3CCC(C)CC3)C=C2)C1=O,0.1671638225047454,1.5094179661020356e-05,0.0019694342219736,0.0684424727185784,0.583801902969535,0.04448289,-4.683,-9.57736,3.252281
POMKNVSPIRVORC-UHFFFAOYSA-N,COC1=NN2C=C(C3=C(F)C=CC=C3F)C(C3=CC=C(CN4CC(C5=NNC(C6=CC=CC=N6)=N5)C4)C=C3)=NC2=C1CO,0.4097110355500392,0.0035131753292738,0.025978510826826,0.224226879874597,0.816836920823228,0.25848836,-6.349,1.5532578,3.29066
CNKULZYKNGMIIR-BJKOFHAPSA-N,COC1=CC=C(C2=NN(C(C)C)C(=O)[C@@H]3CC=CC[C@H]23)C=C1C#CC(=O)NCC1=CC=CC=C1,0.2580748718868252,0.001045667148915,0.0010646576887666,0.109789914287149,0.7109137456906,0.07156253,-6.316,-7.9925165,3.70152
CUKQYCYJOFKYAJ-UHFFFAOYSA-N,CC1=CC=C(S(=O)(=O)N2CCN(C(C3=CC=CC=C3)C3=CC=CC=C3)CC2)C=C1,0.0951010497354806,0.0013012962707956,0.0004755673335239,0.0673614862816032,0.658383272139766,0.16018417,-4.791,-4.0784473,1.882726
OMKNOZUOHMDXNP-PXDAIIFMSA-N,C[C@H](O)[C@@H]1CN2CCC3=C(NC4=CC=CC=C34)[C@@H]2C[C@@H]1N(C)C(=O)NC1=CC=C(Br)C=C1,0.2654984623384669,0.0003622809284235,0.0040683449857169,0.114880041226783,0.660268332665513,0.3545676,-4.553,-0.5801854,3.814022
UGCNRXUEBLUACM-UHFFFAOYSA-N,CC(C)(C)C1=NC(C2=CC=NC=C2)=C2C(N)=C(C#N)C(N)=NC2=N1,0.2247040212976743,0.0003189354390554,0.0061729417357128,0.0344446050536661,0.5478940457044,0.85144407,-4.789,0.2131005,2.904668
KVFWUGVRWUWBNZ-NSHDSACASA-N,C[C@@H](CO)OC1=NC=CC=C1C1=CC=C(C2=CN=C(N)C=N2)C(F)=C1,0.4046090785646997,0.0019744083096664,0.0240698345936834,0.034642056443813,0.432930269928873,0.16912372,-3.848,9.399647,3.071745
FVXGZVWGOFVUIM-FIRIVFDPSA-N,O=C1N(CC2=CC=C(CO)C=C2)[C@H](CC2=CC=CC=C2)[C@H](O)CN(CC2=COC=C2)N1CC1=CC=C(CO)C=C1,0.2360346755091331,0.0003311016265873,0.0027227851111092,0.0665978407468649,0.535079337445433,0.17321603,-4.097,6.648515,3.633228
IGKRBWTWRQNUEN-UHFFFAOYSA-N,CC1=CC(=O)OC2=CC(NC(S)=NCC3=CC=CC=N3)=CC=C12,0.2981246100408771,0.0001368485717364,0.0084165592095814,0.0749962533240297,0.570642275631994,0.099026226,-5.356,-3.8784173,2.68008
XMVDRTLPWWRNNW-UHFFFAOYSA-N,CC(=O)OCC(COC(C)=O)(CN1C(=O)C2=CC=CC=C2C1=O)CN1C(=O)C2=CC=CC=C2C1=O,0.0930549399674343,0.0001097259763104,0.0031937242114508,0.0430264820742662,0.502298395230867,0.027393349,-5.034,-6.339663,2.650349
OSOVTHSUTDEIKI-IRLDBZIGSA-N,CC1=CC=CC(CCC(=O)N2CCN(C(=O)N3C(=O)[C@H](CC4CCNCC4)[C@H]3C(=O)O)CC2)=C1,0.3985750848635903,5.874828212957867e-05,0.0345837769797071,0.0389343098111711,0.336009391045603,0.6208283,-2.908,-6.239468,3.429586
DVIQWYZZFHGVAM-UHFFFAOYSA-N,CN(C)CCC1=C(C(=O)NCC2=CC=CC=C2)NC2=CC=C(CCN3C(=O)NC(C)(C4=CC=CC=C4)C3=O)C=C12,0.2447765744856463,0.0001224999942171,0.0290002678055316,0.101750128637476,0.647279489420197,0.5678316,-5.726,-2.3820302,3.056233
NSMPJAYXYKAEJY-UHFFFAOYSA-N,NC1=NC(O)=C2NC(CC3=CSC=C3)=NC2=N1,0.1811223179693167,0.0002138938705979,0.0462811664910987,0.0589646519480912,0.534529923901549,0.18553354,-3.257,-7.8293953,3.001617
FXLFNEVHWHPROF-UHFFFAOYSA-N,N=C(N)C1=CC=C2NC(C3=CC(C(CC(=O)O)C(=O)O)=CC(C4=CC=CC=C4)=C3O)=NC2=C1,0.2355182004203948,0.1005754175708958,0.0017854009434813,0.0406440650318754,0.600183241745063,0.083959796,-4.628,0.84831774,3.133263
IQCOWROPCJZUPP-KKUMJFAQSA-N,N#C[C@@H]1CCCN1C(=O)[C@@H]1C[C@H](C(=O)N2CCCCCC2)CN1,0.1511373168796057,9.297615529503292e-05,0.0017678532902209,0.0888347727486671,0.470609460197552,0.69791716,-1.889,-2.112948,3.506371
MSRQQNCNMZZRMW-UHFFFAOYSA-N,COC1=CC(OCC2=CSC(C3(C4=CC=C(Cl)C=C4)CCOC3)=N2)=C2C=C(C3=CN4N=C(OC)SC4=N3)OC2=C1,0.3881006475351655,0.0426951027285621,0.0134695420973002,0.143568760337261,0.673444895116814,0.08501925,-8.515,9.535331,3.840224
WWYFVFJZLKWRGV-VZGYSGOJSA-N,CC1=CC(C2=CN=C(C(C)NC3=NC=CC(N4C(=O)OC[C@@H]4[C@@H](C)C(F)F)=N3)N=C2)=CC=C1F,0.3804192878448364,0.0004810506897902,0.0250428745057433,0.123921969078761,0.683337888261641,0.3763995,-6.231,-8.541635,4.092299
QCDDZWGONJIQDE-UHFFFAOYSA-N,CNC1CCCN(C2=CC=C(NC3=C4C(=NC=C3C(=O)C3CC3)C=CC(C3=CC(Cl)=C(O)C(Cl)=C3)=C4)C=N2)C1,0.4357769279378703,0.0005521909948241,0.0133513656212016,0.25486778219627,0.633851258536137,0.0161752,-6.888,-4.3274336,3.285471
VZHBXAGJFBJPAA-UHFFFAOYSA-M,COC1=CC=C2C=C3[N+](=CC2=C1OCCCOC1=CC=C(C2=NC4=CC=CC=C4S2)C=C1)CCC1=CC2=C(C=C31)OCO2.[Br-],0.4329387091658508,0.0278986630935593,0.0365505278576165,0.0936818291273405,0.728998552045094,0.6006335,-2.745,-2.2900856,3.092075
AGADFQNWGUDFRP-UHFFFAOYSA-N,OC1=CC=C2C(=C1)CCN(C1=CC=CC=C1)C2C1=CC=C(F)C=C1,0.1583997280729672,0.0038884979063738,0.000223406963596,0.0635212024461987,0.735615506079399,0.22297944,-5.574,-8.596433,2.479391
GXJIMXZNGIRFKA-UHFFFAOYSA-N,CC1=CC=[N+](CC(=O)CCC2=CC=C(C(=O)C[N+]3=CC=C(C)C=C3)C=C2)C=C1,0.1276574951779563,0.0005204914567,0.0028329214968835,0.096707092748834,0.569553913363594,0.01889899,-2.435,-6.9635305,2.799393
IJUYMMANCPKLLM-UHFFFAOYSA-N,CCOC1=NC2=NC(C)=C(C(=O)O)C=C2C(C2=CC=CC=C2)=C1C#N,0.2376924792503475,0.000383535374215,0.0068685089820064,0.0350976339260721,0.609977127689808,0.23530652,-5.424,-7.8126764,2.463633
CXNZLOIPQFMHLT-UHFFFAOYSA-N,O=C(C1=CC=C(OCCN2CCCCC2)C=C1)C1=C(C2=CC=C(Cl)C=C2)SC2=CC(O)=CC=C12,0.3880386860372123,0.0007924933508054,0.0006514091255667,0.247739214953614,0.726634909956871,0.5498652,-7.198,-9.467456,2.344293
CSCFEDOGGKUFCG-UHFFFAOYSA-N,CC1CC2=CC=CC=C2CN1CC1=CC=CC=C1,0.1003939887900187,0.009267098513917,0.0009503159613814,0.0256459513183796,0.510244671678491,0.11572013,-3.268,-5.045286,2.239096
VFWDGPGEEXHKEO-XZMKWJKUSA-N,COC(=O)[C@]12CCC(C)(C)C[C@H]1C1=CC[C@@H]3[C@@]4(C)C[C@@H]5C(=NN[C@H]5C5=CC=CC=C5)C(C)(C)[C@@H]4CC[C@@]3(C)[C@]1(C)CC2,0.3881062449138962,0.0002327004673167,0.0003026078516243,0.130316255472553,0.648471863500946,0.18746567,-7.167,9.593056,5.081164
MSXLHWBXRFPWGL-UHFFFAOYSA-N,BrC1=CC=C2C(=C1)C1=NN=C(C3=CC=C(CN4CCC(C5=NN=C(C6=CC=CC=N6)N5)CC4)C=C3)N1C1=CC=CN=C1N2,0.400806677060576,0.0006813426617513,0.0200055687688291,0.228716163152397,0.678935013623112,0.20581356,-7.739,8.642609,3.197618
QRCRFTCFYITDSV-UHFFFAOYSA-N,NC(=O)C1=CC=C(C2=C(C(=O)C3=CC=C(OCCN4CCCCC4)C=C3)C3=CC=C(O)C=C3S2)C=C1,0.3965567876788993,0.0001711587651725,0.00055112203936,0.131247324058552,0.75835323113856,0.4721022,-6.277,-8.986371,2.426404
OOZBGNAEKJAEMB-AJBULDERSA-N,CCCCC1CC2=CC(OC)=CC=C2C2=C(/C=N/CC3=CC=CC=C3)C3=CC=C(OC)C=C3N12,0.380290487648141,0.0089402693374949,0.1499616093002259,0.253830649479714,0.78013874296213,0.17612329,-7.609,0.9922308,3.149957
BHHOHHJQIWOOLY-KCFYYHDHSA-N,FC1=CC=C(NC2=CC3=NC4=CC=CC=C4N(C4=CC=C(F)C=C4)C3=C/C2=N/CCCCC23CCCCN2CCCC3)C=C1,0.379830961970962,0.0035395521084055,0.0296256535220891,0.291692993746263,0.760192352662279,0.25251457,-8.387,-9.001031,3.064024
HVYGXVLRTTXUEL-LBPRGKRZSA-N,CSCC[C@H](NC(C)=O)C(=O)NCCN1C=CN=C1C,0.1217857387727043,1.6168352904010708e-06,0.0059708527032853,0.0260865793456564,0.330752444302157,0.44237784,-1.77,-7.8126707,2.799771
BHJPNHPIGQEPCN-UHFFFAOYSA-N,CCOC(=O)C1CCCN(CC2=CC=C(O)C(OC)=C2)C1,0.1583342122883405,2.2807173337176857e-05,0.0011613883456448,0.0208225876401927,0.324072235194804,0.14683007,-2.452,-9.738592,2.363381
DMTWTSCIJIGXEM-OIJZNPKMSA-N,CC[C@H](C)[C@H](NC(=O)C[C@H](O)[C@H](CC(C)C)NC(=O)[C@H](CC1N=CC=N1)NC(=O)[C@H](CC1=CC=CC=C1)NC(=O)OC(C)(C)C)C(=O)NCC1=CC=CC=N1,0.3361638396067983,1.2865241641916362e-05,0.1140262174420058,0.0797339068289416,0.584858771264427,0.43593305,-4.136,9.555929,4.724544
WEALPBWASYLNRI-GIJQJNRQSA-N,CC1=CC(=O)OC2=CC(/N=C/C3=CC=C(O)C=C3O)=CC=C12,0.2844131688325324,0.0003960224085116,0.0143582459422759,0.058557114267255,0.554602376910585,0.3733184,-5.149,9.602515,2.522196
NHUICIYKHRDWEK-UHFFFAOYSA-N,CC1=CC=CC(CNC2=NC=NC3=C(C(N)=O)C=CC=C23)=C1,0.1972419803826764,0.0001205874496148,0.0039872449822723,0.0353277576289426,0.422075835197656,0.5126494,-4.01,-6.095114,2.051165
OSXKPNSQFLCKBF-UHFFFAOYSA-N,CC1=CC=C(C)C(N2CCN(C(=O)CCC(=O)N3CCOC4=CC=C(Cl)C=C34)CC2)=C1,0.1767283088511272,7.261750358832206e-05,0.0099540901748696,0.143516153970678,0.663841911564136,0.13575174,-5.041,-12.5406275,2.326019
BQCYIIVLNTWNSU-UHFFFAOYSA-N,COC1=CC2=C(NC3=CC=C(Cl)C(Cl)=C3)N=CN=C2C=C1OCC1=CSC(C2CCCCN2C)=N1,0.3983971565539601,0.0006634663399716,0.0250911782961338,0.178957042311975,0.751160553778507,0.39461336,-7.517,-4.745828,3.106169
IQBXYHKRGWPSAY-CNORLSDQSA-N,C=CC1=C[N+]2=C(C(O)=C1C[C@H]1C3=C(C4=CC=CC=C4N3)CCN1C)C1=C(C3=CC=C(O)C([C@H]4CCCN4C)=C3N1)CC2.[Cl-],0.4386602698836732,0.0020128612994966,0.0473368070903234,0.296495552166942,0.775083259870928,0.4341806,-2.117,9.879649,4.606851
CDGXTJIQOFQZAW-UHFFFAOYSA-N,CC1=CC=C(C2=C(C3=NN=C(C(F)(F)F)O3)C(=O)NC(C3=CC=C(OCCCC(F)(F)F)C=C3)(C(F)(F)F)C2)C=C1,0.3056272178786875,0.0009940255706755,0.0017708147179291,0.0830775405412358,0.705122800725954,0.41324016,-8.154,-5.334472,3.776207
NWNWOSZIYTYPLI-UHFFFAOYSA-N,CC(=O)NC1=CC=CN=C1NC1=NC=NC2=CC=C(C3=CC=CC(N4CCOCC4)=C3)C=C12,0.4434463035009772,3.908069811083137e-05,0.0015824441885342,0.121188422161029,0.642029924168209,0.42311415,-5.672,-7.0017653,2.455299
FKRUTODYQQBSGD-UHFFFAOYSA-N,COC1=CC=CC(C2=C3N(N=C2C2=CC=NC=C2)C(C2=CC=C(N4CC5CCC(C4)N5C)C=C2)=CC=N3)=C1,0.3836851004795698,0.0009381853769793,0.0015459438880498,0.186290224737077,0.779008639409039,0.4986907,-6.138,-2.8708367,4.103487
BTQRGQYBCTZVTK-UBMCIHALSA-N,CC(C)=C[C@H](O)C[C@@H](C)[C@H]1CC[C@@]2(C)[C@@H]3CC[C@H]4[C@](C)(CO)[C@@H](OS(=O)(=O)O)CC[C@@]45C[C@@]35CC[C@]12C,0.2563237700038659,0.0003707541052752,3.391459551423154e-07,0.135719419500139,0.647239368874149,0.18150894,-4.319,10.648278,5.922809
HKJSWMNQUSNTTP-DSITVLBTSA-N,CCCCCC[C@H]1C(=O)N[C@H](C(=O)NCCCN2C=CN=C2)CC2=CC=C(C=C2)OCCC[C@@H]1C(=O)NO,0.3168749493043385,2.9516277203780312e-05,0.0133811503648757,0.0975233623493871,0.639894420446951,0.4893069,-3.915,4.1362815,5.11458
ZIFFNGCWCJSQNG-JFLMPSFJSA-N,COC1=CC=C(CN2C=C(CO/N=C/C3=C(C4=CC=CC=C4)N=C4C(C)=CC=CN34)N=N2)C=C1,0.2873121084672909,0.0092526889474073,0.1247331448830664,0.167779850932987,0.676527971253342,0.25054917,-7.132,-5.8853354,2.67778
DHOHJHINZMGEQL-ZEQRLZLVSA-N,CN1C[C@@H]2CC[C@H]1CN2C1=CC=C(C2=CC=NC3=C(C4=C5C(=CC=C4)NN=C5)C(C4=CC=NC=C4)=NN23)C=C1,0.4125749101833854,0.0004969454890395,0.0012910770747112,0.236288487821225,0.666986147072661,0.23070335,-6.233,8.943996,4.363823
PTGQMXBBAJPDIZ-PKAIDYEGSA-N,CC[C@H](C)[C@H](NC(=O)[C@H](CC(C)C)NC(=O)[C@H](CCCNC(=N)N)NC(=O)C1=CC=C(N2CCNCC2)C=C1)C(=O)N[C@@H](CC1=CC=CC=C1)C(=O)O,0.3895862077071925,1.2514924102588995e-05,0.1065194877795875,0.111673780932902,0.734229387976147,0.086630024,-3.894,8.555982,4.10601
GSILVIRHZQJUGG-UHFFFAOYSA-N,C1=CC=C(OCCCCNC2=CC=NC3=CC=CC=C23)C(NC2=C3C(=NC4=CC=CC=C24)C=CC=C3)=C1,0.4097834262624638,0.0025677296726374,0.0854447744786739,0.238006690526323,0.730766531573477,0.99255306,-7.954,-5.373243,2.298616
PNIPGJJCIHPIOP-RQZCQDPDSA-N,O=C(O)C1CCCN(CCO/N=C/C2=CC=C(Br)C=N2)C1,0.2074316949729838,6.292021513991494e-05,0.0054487139670527,0.0337923729878571,0.345871316395617,0.07138166,-2.431,-8.00261,3.063104
PXFMHNKGUWXYLT-UHFFFAOYSA-N,ClC1=CC(Cl)=CC(NC2=NC(NCC3=CC=CO3)=C3C=CC=CC3=N2)=C1,0.6350952335847128,0.0411784639111642,0.015104459086433,0.298621292118531,0.766426869063115,0.30376804,-7.288,-11.894319,2.229085
OOVDEPZODSXAMU-UHFFFAOYSA-N,COC(=O)C(C)(N)CC1=CC=C(O)C=C1.Cl,0.0716543785768968,1.8688152921244093e-05,0.0014098500803811,0.0294588000988052,0.366790549372704,0.26820943,-1.58,0.23724532,2.688149
DKFSLQBZVWOHFK-UHFFFAOYSA-N,COC1=CC=C(CC(C)(OC2=CC=C(C(C)C)C=C2)C(=O)O)C=C1,0.1061746941993923,0.0009158181409092,0.0012426807570591,0.0315056274038439,0.510397791280522,0.21305951,-5.07,-6.0705557,2.466116
MGGAVHMSVGABJH-NDVSTMMLSA-N,C[C@H]1CN([C@@H]2CC[C@@]3(CCO[C@H]3OCC3=CC(F)=CC(C(F)(F)F)=C3)C2)CC[C@@]12C=CC1=CC=CC=C21,0.2940968036237328,0.0190487938783379,0.000613004662523,0.234950347691558,0.836521801400258,0.18209344,-6.414,10.581647,5.254649
YOBHJWOWMBSVMO-QZCRLSDHSA-N,CC1=CC(CC2=C(C3=CC=C(OCCN4CCCC4)C=C3)SC3=CC(O)=CC=C23)=CC=C1O[C@@H]1CCCC[C@H]1N1CCCC1,0.5057709591684814,0.000943018273222,0.0002246324856059,0.237093468800572,0.66487946198491,0.18997656,-7.034,1.435306,3.575008
QPTSDXGLCQPVCW-UHFFFAOYSA-N,COC1=CC2=C[N+](CCC3=CC=C(F)C=C3)=CC=C2C=C1O.[Cl-],0.1601863057319716,0.0131099278998246,0.0108285677502863,0.10478514679211,0.646666130993768,0.015224099,-1.071,-5.4651346,2.57241
VDIZGBPQRHNXNZ-UHFFFAOYSA-N,CC1=CC(NCC2=CC=C(F)C=C2)=NC(N2CCCCC2)=N1,0.145258260932495,0.0006776295843688,0.001957226432205,0.0761123562563441,0.609619500427527,0.8578654,-4.471,-6.656007,2.023826
CYHPCJAQNAXMNQ-UHFFFAOYSA-N,O=S(=O)(NC1=CC=CN=C1)C1=CC=C(Br)C=C1OC(F)(F)F,0.1183273545891516,0.0001174377570715,0.0003954070432882,0.054025548423744,0.47560985738519,0.41772038,-5.595,-7.849202,2.26782
YYOQJBGOHXSFPI-UHFFFAOYSA-N,COC1=CC(CNC2=CC=C(NC3=C4C(=NC5=CC=CC=C35)CCCC4)C=C2)=CC=C1O,0.4379613335647763,0.003993398052264,0.0028766781149897,0.238324435313618,0.819537141219724,0.18185215,-7.234,-7.505813,2.270175
IFLIQOSTGMUKGK-BJMVGYQFSA-N,CCC(/C=N/NC(=O)C(N)=O)CC,0.0858490847807444,3.341960026994896e-06,0.0310711419209837,0.0319028521992098,0.446631454541525,0.2321724,-1.088,-6.648975,2.925128
QQCDQPNSLRTTDZ-UHFFFAOYSA-N,ClC1=CC=CC(NC2=NC=NC3=CC=C(NCC4=CC=CC=C4Br)C=C23)=C1,0.3920387914870132,0.0080376601352309,0.0025375238561537,0.346919055575385,0.767261671655802,0.026862787,-7.183,-9.431489,2.125674
GBGQWWXXTJGABQ-UHFFFAOYSA-N,O=C(O)C1=CC=C(Cl)C(S(=O)(=O)NC2=CC=C3NC(O)=NC3=C2)=C1,0.1322636504661193,0.0002127931229087,0.0007562368553408,0.0679308193980702,0.591735255292173,0.18742809,-4.36,-11.078196,2.394079
ALRFTBXFWLXUKF-IGSQEJEMSA-N,C/C=C/[C@H]1[C@H](C(=O)C2=C(O)C(C3=CC=C(OC(=O)/C=C/C4=CSC=C4)C=C3)=CNC2=O)C=C(C)[C@H]2CC[C@H](C)C[C@H]12,0.3857559268663386,0.0003889291655117,0.0138841957677868,0.127468894736587,0.723454016292565,0.016881237,-7.958,7.662411,4.633852
MXOYAJBTEOPWLQ-KLCVKJMQSA-N,N#C/C(=C\C1=CC=CC=C1Cl)C(=O)NCCCNC(=O)/C(C#N)=C/C1=CC=CC=C1Cl,0.1871710012093576,6.594331063876276e-05,0.3477538019418716,0.0892911882703877,0.578953540031511,0.027049208,-5.129,-9.896129,2.522927
XACFMCPSHAGRDW-OVDNTTTISA-N,N=C1/C(=C\C2=COC3=CC=CC=C3C2=O)C(=O)N=C2SC(C3=CC=NC=C3)=NN12,0.3312167298741696,0.0019451046584413,0.4403287082910537,0.0539407897454558,0.569167465169953,0.03149113,-5.807,-2.6621997,2.924126
GDLXJLSRWACTFX-IQJOONFLSA-N,CC1=CN([C@H]2C[C@H](O)[C@@H](OC(C)(C)C)O2)C(=O)NC1=O,0.2426082889095386,8.383179913088777e-05,0.0336951293982565,0.0147655177873951,0.298455389767243,0.05063845,-2.029,3.535603,3.701694
HRCPSKADZFSMPG-UHFFFAOYSA-N,O=C(NC1=NC(C2=CC=CC(C(F)(F)F)=C2F)=CS1)C1=CN=C(N2CCC(C(=O)O)CC2)C(Cl)=C1,0.2032943622851665,0.0012086597153824,0.0078723993676248,0.0574693359580214,0.658159345871555,0.0050378023,-7.126,-6.4879327,2.643357
CWDSRCRXEIVDFU-WUFINQPMSA-N,CC1=CC=C(S(=O)(=O)N[C@@H](CC2=CC=CC=C2)[C@H](O)CN2CCN(CC3=CC=C([N+](=O)[O-])C=C3)CC2)C=C1,0.1495938485647205,2.2636427764367532e-05,0.0110791045008227,0.153373767448076,0.646127206495196,0.20336558,-3.604,-10.312999,3.070269
APCPYOFTCBTKPW-UHFFFAOYSA-N,CCC1=CC=C(N2N=C(CO)C(C(=O)NCCCC3=CC=CC=C3)=N2)C=C1,0.1764526509428635,0.0001184503935911,0.0136735583422705,0.039174708870658,0.503534583517167,0.09683052,-3.845,-9.600532,2.243596
BJYWPFAOIYUNMB-UHFFFAOYSA-N,COC1=CC=C(C2=C(C3=CC=C(C(N)=O)C=C3C)N(C3=CC=C(S(N)(=O)=O)C=C3)C=C2)C=C1,0.1444591667954649,0.0003508210599614,0.0008473590825815,0.0368827681081237,0.63017987816757,0.37351674,-5.193,-5.110964,2.394478
SXAMRBCEMSYDQB-UHFFFAOYSA-N,CN1C(=O)N(C2=CC=CC(C(F)(F)F)=C2)C2=C(C(=O)CCC2)C1C1=CC=C(C#N)C=C1C1=CCOCC1,0.2666572197109506,0.0007031749655644,0.0110110858804546,0.0790723680361611,0.660920749358,0.064495884,-7.179,-5.324682,3.674461
TVKGONBRXLKFQC-UHFFFAOYSA-N,OCC1=CSC(C2=CC=C(CO)S2)=C1,0.164315339411263,0.000214484628715,0.0286943308077752,0.0248809039999146,0.383082799561952,0.49218097,-2.033,-8.473927,2.696255
CUQPTMGVVQNXDH-UHFFFAOYSA-N,CC(C)(C)C1=NN(C2=CC=C(OCCN3CCOCC3)C=C2)C(NC(=O)NC2=CC=C(OC3=CC=NC(NC4=CC=C5C(=C4)C=NN5CCN4CCOCC4)=N3)C3=CC=CC=C23)=C1,0.4386993831956631,7.909934335471868e-05,0.0017564043308084,0.152769068498445,0.737989488193195,0.44545773,-6.867,8.910384,3.516863
KULZHONWEGEVFY-UHFFFAOYSA-N,CC1=CC=CC(N(CC2=CC3=CC=CC=C3N=C2O)C(=O)C2=CC=CS2)=C1,0.1920820459916424,0.0145060241538374,0.0018846317834686,0.0530846024142685,0.605952248388218,0.591812,-6.805,-8.522496,2.406685
QESCCBUZTGYBRY-UHFFFAOYSA-N,CC1=CC=C(N2N=C(C(C)(C)C)C=C2NC(=O)C2=NNC3=CC=CC=C23)C=C1,0.1524806617023863,0.0002659778859371,0.0026462804773473,0.110194133982757,0.618907033196794,0.27185446,-6.62,-4.4875407,2.26965
WHZWXPNEFSVGAQ-UHFFFAOYSA-N,COC1=CC2=C(C=C1OC)CN(CCC1=CC=C(NC3=NC(C4=CC=C(Cl)C=C4)=NC4=CC=CC=C34)C=C1)CC2,0.4093510416700931,0.0316886509785884,0.0023840047884732,0.350805935074465,0.826043810716265,0.051927146,-7.629,1.3072956,2.41293
QOQGMXBUBIXOLQ-RMKNXTFCSA-N,CCCN1C(=O)NC2=C(N=C(C3=CC=C(/C=C/C(=O)OC)C=C3)N2)C1=O,0.2311007683233972,0.0004449390088551,0.0047432960724108,0.0859984951829204,0.603307153273608,0.34130174,-4.9,-0.3761253,2.707335
LWKFROGLOGOBFK-LPYMAVHISA-N,COC1=CC(/C=N/NC(=O)CN2CCN(C3=CC=C(F)C=C3)CC2)=CC=C1O,0.207281123441146,3.090158113829686e-05,0.0783374136313796,0.0400359950353237,0.396198223851068,0.058348663,-3.24,-9.906745,2.097287
BAOHRPVXMAWUPP-MDZDMXLPSA-N,COC1=CC=C(C(=O)/C=C/NC2=CC=CC(O)=C2)C=C1,0.1617256192830049,0.0001071409862891,0.0029799748910591,0.0381106253896422,0.537634339380797,0.17328164,-4.227,-4.6557593,2.008191
MYMAEUCHDVJVIA-BWAHOGKJSA-N,CN1CCN(C2=CC=C3C(=C2)/C(=C/NC2=CC=C(CN4CCCCC4)C=C2)C(=O)NC3=O)CC1,0.3048659138298953,0.0001605654249519,0.0335225787013769,0.128303615955048,0.699633501744434,0.28377792,-3.815,-6.531253,2.483332
PPECDCCGUVMBME-UHFFFAOYSA-N,CC1=CN=C(N2CCC(C3=CC=CC=C3)CC2)N=C1C1=CC=NN1C,0.2657142396252719,0.0066534563019889,0.0072727169608697,0.036967444307613,0.392998963560776,0.04906466,-4.359,-8.010665,2.410265
BQROMVZIEGHMFK-FWJDJVLASA-N,O=C(CBr)NC1=CC=C(CN2C3=C(C4=CC=CC=C24)C[C@@]2(O)C4CC5=CC=C(O)C6=C5C2(CCN4CC2CC2)[C@H]3O6)C=C1,0.2991551264847572,0.0002766184106609,0.0033314510452328,0.169713309318745,0.723498170602315,0.19773929,-6.664,2.2390933,5.267857
HOBOYZBYNYELPC-UHFFFAOYSA-N,O=C(C1=CC(C2=CC=CO2)=NC2=CC=CC=C12)N(CC1=NN=C(C2=CC=C(Cl)C=C2)O1)C1CC1,0.2437307208673172,0.0896120527626829,0.0086096936371177,0.102264425140461,0.707163936085304,0.6210318,-7.487,-10.483268,2.479138
PICJYOMBEAAUFN-ROUUACIJSA-N,CO[C@H]1CN(C2=CC(C3=NNC4=CC=C(C5=CN(C)N=C5)C=C34)=NC=N2)C[C@@H]1O,0.3915869403205567,0.000224780540233,0.002849447983317,0.0409293958627089,0.43620169141245,0.368289,-3.584,-2.1788068,3.629255
TWWDQMZTYKXKKW-SVBPBHIXSA-N,COC1=CC2=C3C4=C1OC1=CC5=C(C=C1O4)[C@H](CC1=CC=C(C=C1)OC1=CC(=CC=C1O)C[C@@H]3N(C)CC2)N(C)CC5,0.3799106923208006,0.0004963920162964,0.0130542044411413,0.155550089372326,0.777482271944228,0.054571394,-6.162,9.585457,5.894486
KGRAYEYPXMVIHX-IYJUZEOBSA-N,O=C(CCCC(=O)N/N=C/C1=CC(O)=C(O)C(O)=C1)N/N=C/C1=CC(O)=C(O)C(O)=C1,0.218804894227919,1.4241472388752768e-05,0.0556606524391099,0.0911764184107279,0.674589500524449,0.2196309,-3.757,-4.356883,2.803711
BJHAOCFXUQZNAX-UHFFFAOYSA-N,C1=CC=C(C2=CC=CC(C3=C(C4=CC=CC(C5=CC=CC=C5)=C4)SC(CNCC4CCNCC4)=C3)=C2)C=C1,0.6732215652147806,0.000699652636242,0.0169603827991522,0.249181549791596,0.759612702035786,0.22008546,-6.415,-6.2164392,2.489531
WVHXTTNAWLOLHX-UHFFFAOYSA-N,CCCCC1=CC=C(C2=CC=C3C(=N2)C(=O)N(C2=CC=C(OCCN4CCCC4)C(OC)=C2)C3)C=C1,0.4102579163310776,0.0007781867528106,0.0010995031829224,0.287207595949553,0.778194509321392,0.5836176,-6.18,-3.1653094,2.478568
XEJJMDUMLSMFRE-QJNUVBDFSA-N,CC(CCC[C@@H](C)[C@H]1CC[C@H]2[C@@H]3CC=C4C[C@H](OS(=O)(=O)O)[C@@H](OS(=O)(=O)O)C[C@]4(C)[C@H]3CC[C@]12C)COS(=O)(=O)O,0.2207149639771299,0.0001341356588328,3.3787622108594206e-05,0.231604840845382,0.732284873005406,0.58328325,-2.979,10.839113,5.091963
FMJPKFAJUQLTTM-VCDODJMISA-N,C[C@]12CC[C@H]3[C@@H](CC[C@H]4C[C@]5(CC[C@]34C)CN(CC3=CC=C(OCC4=CC=CC=C4)C=C3)CC(=O)O5)[C@@H]1CCC2=O,0.3813778117495054,0.0152697265783895,1.3492906037138042e-05,0.0968298070513775,0.733642916452198,0.100813255,-6.996,9.294376,4.736036
KMLPTINWHYAWNI-UHFFFAOYSA-N,CCOCC1CN(C2=CC=NC=N2)CC2=C1N(CC1CC1)N=C2,0.2135748153070189,0.0001662934153536,0.0008977905585197,0.0266343447305446,0.215166709812278,0.11980231,-3.016,-9.469145,3.586124
QQZFPVUEXCTKSA-UHFFFAOYSA-N,CCN(CC)C1=CC=C(NC2=NC(NC3=CC=CC=C3)=C3C=CC=CC3=N2)C=C1,0.4383403467488031,0.0020751232847296,0.0003484458044113,0.349692402077269,0.807587682979705,0.020382673,-7.029,-10.82228,2.061564
QHUOZEAYYKLKIY-UHFFFAOYSA-N,N/C(=N/C1=CC=C(O)C=C1)NO,0.1221810190661439,1.9289947909882665e-05,0.0009105915909458,0.0295395940765901,0.392534949291562,0.8544008,-1.069,1.1020719,2.492156
KTDHBIYFIPOXLO-VIFPVBQESA-N,O=C(O)C1=CC2=CC(S(F)(F)(F)(F)F)=CC(Br)=C2O[C@@H]1C(F)(F)F,0.155667777824005,0.0007722547217302,0.0007583844654504,0.0401691260039665,0.504310162566792,0.12037819,-6.225,-7.9868975,4.181518
MFLQOQCFTFKHBW-UHFFFAOYSA-N,CCC1=NC(N)=NC(N)=C1C#CCC1=CC(OC)=CC(C2=CC=[N+]([O-])C=C2)=C1,0.2395476367773065,0.0032222457144579,0.0191451026010327,0.0638193394730808,0.63002053516503,0.08131585,-3.868,-0.38180354,3.05941
VTXJOFUNBAYMEZ-MKMNVTDBSA-N,CCOC(=O)N/N=C/C1=COC2=CC(O)=CC=C2C1=O,0.2396221800828206,1.8020298705795864e-05,0.1226616483181715,0.0538418392841024,0.396991156070215,0.07934868,-3.331,-8.52788,2.486348
GOWJRPARMDUOAE-CUPIEXAXSA-N,COC(=O)N[C@H](C(=O)N1CCC[C@H]1C1=NC=C(C#CC2=CC=C(C3=CC=C4N=C([C@@H]5CCCN5C(=O)[C@@H](NC(=O)OC)C(C)C)NC4=C3)C=C2)N1)C(C)C,0.3839916284533284,0.0004035874315802,0.0135453353432239,0.0801946801075933,0.737773077090131,0.66260374,-6.131,-2.318266,4.408133
VPGSSTHQMHDQAV-MLWJBJAVSA-M,C[N+]1=CC=C(C(O)C2=CC=CC(/C(C#N)=C(\N)SC3=CC=CC=C3N)=C2)C=C1.[I-],0.3831950787306091,0.0047549175759795,0.056941227056086,0.115515565816883,0.627633138336626,0.11726685,-1.742,-5.5839915,3.64069
MFVWETVYCQYWBB-PXLXIMEGSA-N,NC(N)=N/N=C1\C2=CC(Cl)=CC=C2CC1SC1=NC2=CC=CC=C2S1,0.4121020938874937,0.0856334042801298,0.5887786269187927,0.110223211304922,0.68370911423147,0.575433,-5.662,-8.031756,3.342122
GJPQKIQISJHKEA-QPPQHZFASA-N,C[C@H]1O[C@@H](N2C=C(F)C(=O)NC2=O)C[C@H]1O,0.4341310591104985,0.000179333936391,0.900776159763336,0.0171080494852657,0.3491562341822,0.054399364,-1.471,8.233594,3.605903
AVLLGHFOBOLCPF-MRXNPFEDSA-N,CN1C=C(C2=CN3C(=NN=C3SC3=CC=C4N=CC5=C(C4=C3)OC[C@H]3CCCN53)C(F)=C2)C=N1,0.4127726726545598,0.0014836028367705,0.0402903692331165,0.0382749512454968,0.485522995697198,0.37261668,-6.393,3.1946645,3.689108
LQHGLEHALIXLBR-UHFFFAOYSA-N,FC1=CC=C(NC(=S)NC2=CC=C3N=CN=C(NC4=CC=CC(Br)=C4)C3=C2)C=C1Cl,0.4043502329151199,0.0020750996645285,0.0021830624706126,0.449497140661485,0.698685778243185,0.19005626,-8.543,-5.6638403,2.256641
LPYBZGHTHOZEDU-OUKQBFOZSA-N,CC1(C)CC(/C=C/C2=CC=CC=C2)=NC2=CC=CC=C2N1,0.240794237360418,0.0040098026020325,0.0113936338573694,0.0572460090266113,0.598624287945027,0.31943625,-4.98,-2.416899,2.55453
UZKBWRBVKSQYQO-UHFFFAOYSA-N,O=[N+]([O-])C1=CC=CC(C2=CC=C3C=C(Cl)C=CC3=N2)=C1,0.3049875098283434,0.026782474442815,0.0238743862602859,0.154153877004717,0.719524419432674,0.31897467,-6.163,-11.387621,1.864512
PZLJCNIYDRNXTI-UHFFFAOYSA-N,CCN(CC)CC(=O)NN1C(=O)C2=C3C(=CC=C2)C=CC=C3C1=O,0.1280117548547456,2.2410917556571003e-05,0.0081850703340023,0.0440763313692913,0.524694477821804,0.7074548,-3.303,-8.100492,2.327433
VLLFJTFIMFAMHU-UHFFFAOYSA-N,COC1=CC(NC2=NC=NC3=C2SC2=NC=CC=C32)=CC(OC)=C1,0.3872131926035614,6.376884367206503e-05,0.0028480474633397,0.0816037219654412,0.647376082580124,0.10663764,-6.202,-11.910278,2.387261
CYOARVZSCJFENO-UHFFFAOYSA-N,COC1=CC2=NC=NC(NC3=CC=C(F)C(Cl)=C3)=C2C=C1OCCCNCCN,0.3928733789733648,0.0015938149096592,0.022088783851359,0.137559344802185,0.807042666262344,0.24670313,-3.401,-3.0068097,2.377761
WVLGOQBSBKHESG-UHFFFAOYSA-N,COC1=CC=C(C(O)(C2=CC=C3N=C(Cl)C(CC4=CC=CC=C4)=C(Cl)C3=C2)C2=CN=CS2)C=N1,0.3825985537081615,0.0137156708157779,0.0231806497555226,0.22396442579748,0.687477761343101,0.00046389486,-7.402,-11.159818,3.429457
OBELLHFPXNJUHS-UHFFFAOYSA-N,FC1=CC=C(C2=CN(C3=CC=NC4=CC(Cl)=CC=C34)N=N2)C=C1,0.4576899186187212,0.0172165695515992,0.026450473209843,0.102070291135406,0.639980882503176,0.45333958,-6.32,-9.021512,2.192229
DUYOPZTUPRZUMW-UHFFFAOYSA-N,CN1C=CC=C1C(=O)N1CCCCC1C1=C(S(C)(=O)=O)C=NN1,0.0989251064985241,6.201994133836627e-06,0.0009800615029234,0.0182792213977599,0.179557149771631,0.4528918,-2.76,-9.71492,3.211112
SQEKKPLUIMZWKA-UHFFFAOYSA-N,CN(C)C1=CC=C(C#CC2=NC=NC(NCCC3=CNC4=CC=CC=C34)=C2C2=CC=C(Cl)C=C2)C=C1,0.4051402894305907,0.0042044609443584,0.0042451299639651,0.415475926840733,0.770412445348279,0.040035687,-6.527,0.17880566,2.716022
CLHBEWRWUDPVGT-UHFFFAOYSA-N,O=C1C=C(CN2C=C(COC3=CC=C(Br)C=C3)N=N2)C2=C(C=CC3=CC=CC=C23)O1,0.3837314361679886,0.0338853229499354,0.0160496050608344,0.109782329940688,0.741692170744219,0.14053446,-7.876,-7.0152283,2.39499
RUTMUDMVOYTQJI-SKCDSABHSA-N,CCCS(=O)(=O)C1=CC(C2CC[C@@H](C3=CC(OC)=C(OC)C(OC)=C3)O2)=CC(OC)=C1OCCSC1=CC=C(C(N)=O)C=C1,0.2626343979688186,0.0024374529805759,0.0201552014332264,0.104293906753119,0.714165188901214,0.22493382,-7.247,3.7367756,3.703703
MXLXDMHTXNZALQ-UHFFFAOYSA-N,C1=CC=C2C(NCCN3CCOCC3)=NC(C3=COC=C3)=NC2=C1,0.3898781227338541,0.0056963247466029,0.0017579766543349,0.0429927218666659,0.443764846919451,0.13202591,-2.506,-6.315077,2.339921
PPYYOIXOWFPLCL-UHFFFAOYSA-N,CCC(C)NC(=O)CSC1=NC2=C(SC=C2)C(=O)N1NC(=O)C1=CC=CC=C1,0.1584683495164492,0.0002254743711794,0.0561829689890146,0.0372210769982143,0.500949050675694,0.3953188,-5.305,-6.809294,2.869182
KMMJBTPFPQGXOL-UHFFFAOYSA-N,COC(=O)N(NC(=O)C1=C(OC)C(C2=CC=CC=C2)=NC2=C(C#N)C=CC=C12)C1=CC=CC=C1,0.1851822365202777,0.0002261828938204,0.0066630058048758,0.063245549660146,0.697553424914932,0.39926386,-7.918,1.1060593,2.691682
GYWHJPVBMDREOD-UHFFFAOYSA-N,O=C(C(=O)N1CCN(C(=O)C2=CC=CC=C2)CC1)C1=CNC2=CC(Cl)=C(Cl)C=C12,0.1351508383216787,0.0003919711764769,0.0060114653097116,0.096561878958428,0.564362633251415,0.29292428,-5.004,-8.981127,2.251196
LUJDHAGJNKEFEN-UHFFFAOYSA-N,CSC1=C(N)C(=O)C2=C(C(CO)=CN2)C1=N,0.1886864196426803,7.20454127832975e-05,0.3058570742607117,0.032966306328779,0.428069393607849,0.09247795,-1.849,11.753781,3.733971
IHGCTMSNXMOASS-UHFFFAOYSA-N,N=C(N)C(=N)NCCC(=O)O,0.1012298243736056,6.9410621106981105e-06,0.0253158884195954,0.0212667340470052,0.391810865747148,0.099359326,-0.119,-2.054903,3.229642
QQXKBDCCRRDXTJ-HSZRJFAPSA-N,CS(=O)(=O)N1CCC2=C(C(C3=CC=C(C(F)(F)F)C(SCCN4CCC(F)CC4)=C3)=NN2C[C@H](O)CN2CCCCC2)C1,0.3141853698592111,0.0001716566382933,0.0001597739864337,0.126531273562604,0.70440799088522,0.17212844,-4.598,1.4661298,3.701493
NQBLEXBWNWWHJE-CYBMUJFWSA-N,N#CN1CC[C@@H](NC(=O)C2=CN=C3C=C(N4CCOCC4)C=CN23)C1,0.2110874519855013,5.0914664738034905e-06,0.0001756252160305,0.0250131210157749,0.354235362649065,0.2378138,-2.437,-3.8253043,3.398095
WZZIDCZORGVJEP-SDNWHVSQSA-N,O=C1C(/C=C/C(O)C2=CC=C(Cl)C=C2)=COC2=CC=CC(OCC3CCCCC3)=C12,0.2667418544393514,0.0052343597261145,0.0563179790973663,0.0799050326224841,0.64475129626385,0.11896251,-6.637,3.5072458,3.110539
BLBCKIXYPSMVJM-UHFFFAOYSA-N,CC1=CC2CC3=NC4=CC(Cl)=CC=C4C(NCCCCCCCNC4=C5C(=NC6=CC(Cl)=CC=C46)CCCC5)=C3C(C1)C2.Cl.Cl.Cl.Cl,0.3802931836371201,0.0130558984702292,0.1520104188472032,0.340645960867232,0.745032522547007,0.13005929,-6.766,-2.931797,4.835421
SLSMYFRHDVRAMZ-LVZFUZTISA-N,CC(C)=CCC/C(C)=C/C1=CC=CC=C1OCCCN(C)C(C)C,0.2634190013811656,7.239428043997144e-05,0.0006463381123197,0.0966250365287682,0.666777461859107,0.1247542,-4.966,5.1482882,2.467598
WKTZAGLAZDOZBH-UHFFFAOYSA-N,C[S+]([O-])C1=CC=CC(C2=C(C3=CC=NC=C3)N(CCCN3CCOCC3)C=N2)=C1,0.3970418589467578,0.0005111441177316,0.0015139107897994,0.0249757370554169,0.300106441059124,0.70644784,-1.448,3.7680361,3.437426
AGOMZXFWATVFOH-UHFFFAOYSA-N,COC1=CC=C(C2C3=CC=C4C=CC=NC4=C3OC3NC(=S)NC(=S)C23)C=C1,0.2510733046163129,0.0401451851844982,0.0153215065132826,0.0717913752363422,0.638396411895544,0.060029402,-7.511,-6.9228396,3.880455
OGRQQJOARNZDSY-UHFFFAOYSA-N,CCN1C(=O)C2=C(N(CC3=CC=C(F)C(F)=C3)C(C3=CC=C(C4=CC=CC=C4OC)N=C3)=N2)N2CC(C)(C)N=C12,0.4078706543477957,0.0645569791594991,0.0348037491261493,0.0984647985014487,0.725219783032842,0.24753554,-7.986,-3.2621727,3.06471
CXAHQPWLJGSFEG-UHFFFAOYSA-N,O=C1C2=CC=C(Cl)C(Cl)=C2C(=O)N1CCCCN1C=CN=C1,0.3100729987469886,4.188977471363125e-05,0.0385474902344867,0.0339841244332361,0.486443939107335,0.6839035,-3.888,-5.2220387,2.422736
NVQXQRJMWPIZFM-UHFFFAOYSA-N,CC(=O)NC1=CC=C2C(=NC3=CC=C(CCC(=O)O)C=C3)C3=CC=CC=C3NC2=C1,0.1914773334759809,0.0010883632041826,0.0003900393643561,0.0628780944780033,0.652705906792826,0.29435652,-6.745,-6.6156983,2.441635
NJBPPYDUSPXTIO-RNHIQORTSA-N,O=C(NCCCCCCOCCCC[C@H]1CCC[C@@H](CN2C=C([C@@H]3CCC[C@H](CCCCOCC4=CC=CC=C4)O3)N=N2)O1)C1=CC=CN1,0.3201113190633824,0.0001117754933804,0.0222489607520401,0.126808961301842,0.663757970509425,0.619875,-5.499,9.698771,4.318949
IEJRWSFAVHTXKX-UHFFFAOYSA-N,COC1=CC=C(NC(=O)C2=C(NC(=O)CC3=CC=CS3)C3=CC=CC=C3O2)C=C1,0.4358788497519544,0.0003048550314005,0.0020099395303986,0.0791061121480132,0.667982438873939,0.34323204,-7.604,-6.556315,2.107672
WEWWZHAIYCPZHL-UHFFFAOYSA-N,CC1=CC2=C(OC(=O)C(C(=O)N3CCCCC3)=C2)C2=CC=CC=C12,0.2411685232555698,0.0004204392847471,0.003256657491147,0.0366498861906983,0.663742626391293,0.4086073,-5.07,-7.049975,2.140118
RMXPANLFBPCCIX-UHFFFAOYSA-N,COC1=CC=CC(C23CCN(C)C(CC(=O)C2)C3)=C1,0.1749090678043117,0.0001477825895596,0.0063303105765953,0.0181501159761182,0.249017047569678,0.19338983,-2.59,7.99429,4.029926
HYJVYOWKYPNSTK-UONOGXRCSA-N,O=C(N[C@@H](C1=CC=CC=C1)[C@@H](O)C(=O)O)C1=CC=CC=C1,0.1208572866285988,0.0004456049723433,0.0007691948230785,0.0189499506586247,0.387651657833649,0.07559735,-2.359,-3.24136,2.4275
BLFKXASHTQLBGP-UHFFFAOYSA-N,N#CC1=CC(N2CCN(C(=N)N)CC2)=CC(C2=CC=C(OC3=CC=C(F)C=C3)C=C2)=N1,0.3812390449254914,0.0124747617470551,0.0352182375732809,0.0850048513229355,0.734839623019269,0.06739422,-5.542,-3.041785,2.460993
GGTJYGSVSIHWGN-UHFFFAOYSA-N,NC1=NC=CC2=C1C(C1=CC=C(NC(=O)C3=CC=CC=C3)C=C1)=CS2,0.1670870866894304,9.424909851235088e-05,0.0021959428180707,0.0519331796395894,0.663721511372494,0.7078673,-6.821,-4.56839,2.031745
ZSQRVWASEJFTEP-UHFFFAOYSA-N,CC1(CCC(=O)N2CCCC(N3CCN(C4=CC=C(F)C=C4)CC3)C2)CC1,0.2062801943257723,4.27924617686526e-05,0.0045288103479833,0.0550659873165195,0.348520865194736,0.05867271,-3.086,-7.566338,2.797727
SXRPINFLPQMOJG-LBPRGKRZSA-N,CNCCCOC1=CC(F)=C(C2=C(Cl)N=C(C3=CC=CC=N3)N=C2N[C@@H](C)C(F)(F)F)C(F)=C1,0.4148223631183602,0.0016036977495585,0.2237127360887825,0.0999332980856115,0.630118570628047,0.8438107,-5.771,2.645219,3.401717
QIUALWFJLIHJCZ-UHFFFAOYSA-N,CCC1=NC2=C(C)C=C(C3=CC=CC=N3)C=C2N1CC1=CC=C2C(=C1)C=CN2C1=CC=CC=C1C(=O)O,0.3397923489393308,0.001255012908861,0.0243825779296457,0.192114049139044,0.742789592743231,0.35606813,-7.683,-3.065435,2.660237
WKWZFIXERCCQLF-WQRHYEAKSA-N,CC(=O)NC1=CC=C(C(=O)N2N=C(C)/C(=C/C3=CC=C(O)C=C3)C2=O)C=C1,0.2008732814152939,9.902549532998804e-06,0.0013659157154506,0.0582277912017742,0.598578173043733,0.675266,-5.229,-7.2987533,2.363383
DIWBFIPASCHOPF-IRXDYDNUSA-N,CN1C[C@@H]2C[C@H]1CN2C1=C(F)C(F)=C(C2=CC=NC3=C(C4=C5C(=CC=C4)NN=C5)C(C4=CC=NC=C4)=NN23)C(F)=C1F,0.4032788446205714,0.0042424815760636,0.3396360580343753,0.135378549493057,0.724363799929652,0.087850094,-7.041,10.022611,4.787857
BEPHODDETAPPJF-UHFFFAOYSA-N,O=[N+]([O-])C1=CC(C(F)(F)F)=CC=C1SC1=NN=C(C2=CC(Cl)=CC(Cl)=C2)N1,0.1814944723051028,0.0005571269534661,0.0835031516849994,0.10603234498976,0.647964559925067,0.86102355,-7.237,-5.6592965,2.810866
YUXTWNOTAQMGDN-UHFFFAOYSA-N,FC1=CC=C(CN2C(N3CCN(C4=CC=NC5=CC(Cl)=CC=C45)CC3)=NC3=CC=CC=C23)C=C1,0.5326754531922365,0.4078727815195326,0.0253819858655333,0.178476024328381,0.809209077165242,0.6397561,-7.444,-10.123362,2.29752
GTXARQJHRIQJRP-UHFFFAOYSA-M,COC1=CC=C2C=C3[N+](=CC2=C1OCCN(CCN1C=NC=C1[N+](=O)[O-])CC1=CC=C(Cl)C(Cl)=C1)CCC1=CC2=C(C=C31)OCO2.[Cl-],0.3882473340826983,0.0065746315522946,0.0413926712237298,0.209683867895996,0.794054785215066,0.48975423,-5.782,-4.3280234,3.539041
DLDJTHHLHVBYOQ-UHFFFAOYSA-N,ClC1=CC=CC=C1CN1CCC(CNCC2=CC=CC=C2)CC1,0.3848038074740377,0.0002021791599297,0.0170749840326607,0.0950474468759409,0.636125517747311,0.2936119,-3.213,-11.042801,1.774692
NONKHARSCKKOKP-UHAXWWKNSA-N,C=CCO/N=C1/C=C2C3=CC[C@H]([C@@]4(C)OC(C)(C)O[C@@H]4CCC(C)(C)O)[C@@]3(C)CC[C@@H]2[C@@]2(C)C[C@@H]3OC(C)(C)O[C@@H]3C[C@@H]12,0.378556906989215,0.0003076653558007,0.0385355965103372,0.153597406243162,0.677185316925644,0.16356125,-6.266,9.845709,5.745112
RROKRDUARFDCDH-UHFFFAOYSA-N,COC1=CC=C(C2=CC(=O)C3=C(O)C=C(OC)C(C4=CC(C5=CC(=O)C6=C(O)C=C(O)C=C6O5)=CC=C4OC)=C3O2)C=C1,0.2357686225492143,0.0004895479123911,0.0081374243425671,0.0755237927381034,0.65364072025127,0.11349857,-8.668,11.60481,2.959177
SDKLULIHLKAKSJ-UHFFFAOYSA-N,O=C1C=C(C2=CC=CC=C2)OC2=CC(OCCOCC3=CN(CCOCCOC4=CC=CC(C5=C(OCC6=CC=CC=C6)C(=O)C6=CC=CC=C6O5)=C4)N=N3)=CC=C12,0.4143580422215738,0.0009629898681228,0.0166098989313468,0.0865512408621829,0.728042578813494,0.20941968,-8.392,-6.0579133,3.228936
RWPYPIHGTGMDON-OEXHGEGMSA-N,FC1=CC=C(NC2=CC3=NC4=CC=CC=C4N(C4=CC=C(F)C=C4)C3=C/C2=N/CCCCCCC23CCCCN2CCCC3)C=C1,0.413957285289902,0.0032093454413838,0.0396860187873244,0.286055728595896,0.706660261241558,0.2568907,-8.413,-7.6859713,3.106403
JLKITJMRRRZCIH-UILWBTOOSA-N,N#CC1=CC=C2C(=C1)CN(CC[C@H]1CC[C@H](NC(=O)C3=CC=NC4=CC=CC=C34)CC1)C2,0.3965143512143075,0.00062152469605,0.0014002107316628,0.179724291755738,0.681419057067166,0.26997724,-5.651,-4.4126573,2.476502
QQOFQSAXDAKMPY-LHRUSGROSA-N,COC1=CC(/C=N/NC(=O)NC2=CC3=C(NC4=CC=C(F)C(Cl)=C4)N=CN=C3C=C2O[C@H]2CCOC2)=CC(OC)=C1OC,0.3806580126139562,0.0010204653886998,0.0269961125683039,0.108868726635973,0.787472485322321,0.22989398,-7.736,-0.14234266,3.355616
PLTNUHRNSXAFAG-UHFFFAOYSA-N,O=C1C=CC(C2=CC=CC=C2)=C(Cl)O1,0.1838676742850582,0.0008544736059453,0.0257409602869302,0.032168363267328,0.463241437430736,0.24771282,-3.797,-3.5879767,2.024225
OHSHVNCARFVERY-QFIPXVFZSA-N,CC[C@@]1(O)C(=O)OCC2=C1C=C1N(C2=O)CC2=C1N=C1C=CC=CC1=C2C(C)=O,0.2118014206530015,0.0046744227232671,0.0094179925508797,0.146290765127122,0.620595558863526,0.7063646,-5.125,10.65194,3.291397
MSGROYGVIQQFGI-UHFFFAOYSA-N,CC1=NC(O)=C2C(SC3=CC=NC=C3)=C(O)C=CC2=N1,0.2132314760514454,0.0005582063132126,0.0034737300738925,0.0542763936985605,0.478661412750817,0.71339446,-3.706,-10.149041,2.856504
CXNFFFGNHMIMLT-UHFFFAOYSA-N,O=C1C2=C(F)C=C(C3CC3)C=C2C=CN1C1=CC=CC(C2=NC=NC3=C2C=C(C2=CC=C(CN4CCOCC4)C=C2)N3)=C1CO,0.3933011179818222,0.0025313299493928,0.0282306145410984,0.21787594005651,0.76173712645475,0.9238223,-6.692,5.8144135,3.167021
GWULXZDUQGZXSI-UHFFFAOYSA-N,O=C(O)CCNC(=O)C1=CC=C(C(OC2=CC=C(N3C=C(C(F)(F)F)C=N3)C=C2)C2CCCC2)C=C1,0.1441483969758447,0.000215310809519,0.0007480942067559,0.049461626252097,0.66179120697108,0.1354483,-5.993,-10.00145,3.015126
GPBSAHMUBFEMIK-OEAKJJBVSA-N,C/C(=N\NC(=O)C(C)OC1=CC=C2C=CC=CC2=C1)C1=CC=C(Br)C=C1,0.1493048503786685,0.0003732069221085,0.0085879982158076,0.0841262099921743,0.592258835895139,0.15134808,-7.402,-9.929257,2.474012
XFPJUNXTKPPRQV-UHFFFAOYSA-N,COC(=O)C1=C(S(=O)(=O)N2CCN(C3=CC=C(C(C)=O)C=C3)CC2)C2=CC=CC=C2S1,0.1289116070974426,2.8678561717247693e-05,0.0006807373436913,0.0635262689549818,0.559148175628044,0.32229325,-5.25,-9.704793,2.287991
VEOLTPKYWXFAGA-VDQVFBMKSA-N,COC1=CC(/C=C2\CCC/C(=C\C3=C(F)C=CC=C3F)C2=O)=CC=C1O,0.1768826807848096,0.0002882032104563,0.0523128755157813,0.109189671407167,0.714207137785137,0.19234249,-6.82,-7.5880814,2.501844
SLEWUPBUEBQZJK-UHFFFAOYSA-N,COC(=O)C1=CC=CC(C2CN(C3CCCCC3)C(=O)N2C2CCN(C(C)CCNC(=O)C3=C(C)N=CN=C3C)CC2)=C1,0.2205941819404592,2.7116327637355417e-05,0.0037458854087162,0.0775054181896265,0.594920257814536,0.26117742,-4.344,-5.8388433,3.73001
FFLLIFIHCHVZJY-UHFFFAOYSA-N,CC(C)C(O)CNC(=O)CCCC1=CC=CC=N1,0.2082273172274724,8.772379306087068e-07,0.0022116156925164,0.0211937494226581,0.298062460133827,0.9318113,-1.889,-7.060039,2.561459
UIQMPVFCYITWMX-UHFFFAOYSA-N,C=CCN1C(C)=CC(C(=O)COC2=CC=C(C)N=C2[N+](=O)[O-])=C1C,0.1574302013746113,0.0002267320785528,0.0045503608911531,0.0504237721877776,0.400275911172426,0.8021439,-5.281,1.6212541,2.53849
QTOAETOUDNETJU-CPNJWEJPSA-N,CCCCC(OC(=O)CN1CCN(CCOC2=CC=C(C3=CC(=S)SS3)C=C2)CC1)C1=CC=CC=C1C(=O)OC1=CC=C(/C=C/C(=O)OCCCCO[N+](=O)[O-])C=C1OC,0.4244958605430147,0.000228060124278,0.0335305133834481,0.13034829077426,0.680726991573153,0.12204959,-7.925,8.978007,4.065274
WWHYUUPJFNLXRS-SANMLTNESA-N,CSC1=CC=C(OP(=O)(OC2=CC=C(SC)C=C2)[C@@H](CC(C)C)NC(=O)OCC2=CC=CC=C2)C=C1,0.1141398193041964,2.2836945700226028e-05,0.0033534469446749,0.1779703416432,0.760574143572762,0.31071243,-6.859,-2.526108,3.144253
YFWVAYGDSFKIJW-UHFFFAOYSA-N,CC(=O)N1CCN(C2=NC=C3C=C(C4=CC=CC=C4)C(C4=CC=C(CN5CCC(C6=NN=C(C7=CC=CC=N7)N6)CC5)C=C4)=NC3=N2)CC1,0.3913710451053179,0.0023211158581807,0.0210074245929718,0.253120330332017,0.747470260192606,0.24802455,-6.618,-0.049304754,3.168491
WTKPIKFFNARXBW-UHFFFAOYSA-N,NC1=NC(N2CCC(Br)CC2)=C2C(=N1)NC1=CC=C(O)C=C21,0.152167242861473,0.0001174833859196,0.0126718341605737,0.116574710897595,0.569050488164429,0.19419424,-4.019,0.94010365,2.831739
RLAMGSGBMOXEQV-UHFFFAOYSA-N,COC1=CC(N2CC3=CC=C(C4=CC=CC(Cl)=C4)N=C3C2=O)=CC=C1OCCN1CCCC1,0.4289456159960627,0.0100644095463869,0.0008591505669755,0.136515761911885,0.769841782032467,0.63814986,-5.99,-8.08814,2.441244
QKQITTYGLPXNKK-CHWSQXEVSA-N,CC1=CC=NC=C1N1N=CC2=C1N=C([C@@H]1CC[C@H]1C1=NC=CC=N1)NC2=O,0.2886809532118457,0.002724831053136,0.0068180944246705,0.0639058253424512,0.457382323213484,0.17844555,-4.596,-9.453104,3.741378
UTHAEXNJCQPSLG-UHFFFAOYSA-N,OC1=CC=C2OC3=NC=C(OCC4=CC=C(Cl)C=C4)C(C4=CC=C(Cl)C=C4)=C3C2=C1,0.3110113580018157,0.0119386643722532,0.0059147358930204,0.12459072985905,0.690079269167503,0.24410844,-8.041,4.1120973,2.396912
YRAWGFMGIZRYGV-UHFFFAOYSA-N,C1=CC=C2SC(C3=CSC(NC4=CC=NC=C4)=N3)=NC2=C1,0.3413027869087195,0.0076385368449417,0.0342915697023272,0.160385317048872,0.717406783062087,0.33912018,-5.959,-10.0389,2.208307
XIIIQMWMUNCLMZ-UHFFFAOYSA-N,CC1=NN2C(=C(CC(=O)O)C=C2C2=CC=C(C(F)(F)F)C=C2CC2=C(C3CC3)ON=C2C)C=C1,0.1925459907947078,0.000131048004942,0.0198469784110784,0.093559570492308,0.727955725185596,0.11653962,-7.114,-3.0579638,3.071169
CAMJXJIQLUUNJS-UHFFFAOYSA-N,CC1=CSC(CN(C)CCOC2=CC=CC=C2)=N1,0.2221672092901722,0.0015455812639478,0.0131229051854461,0.0350290806551942,0.414894457082313,0.18157847,-3.092,-7.80097,1.995877
YQPMOXSWJBWGTI-UHFFFAOYSA-N,COC1=CC(C2=CC=C3N=CN=C(NC4=CC=C(C)C(O)=C4)C3=C2)=CC=C1O,0.4008652337254041,0.0001918796039063,0.0021368657013226,0.151485900854592,0.617942424694669,0.14106797,-5.883,-5.70014,2.22086
DPXBWCMINVFLHU-UFPOUHGLSA-N,COC1=CC=C2C(OCC[C@@H]3NC(=O)N(C)CCCC/C=C\[C@@H]4C[C@@]4(C(=O)NS(=O)(=O)C4(C)CC4)NC3=O)=CC(C3=NC(C(C)C)=CS3)=NC2=C1Cl,0.383896047116887,0.0007026071443708,0.0535797192016616,0.0988364929563712,0.669633504200156,0.1392023,-7.182,6.594446,5.027888
YNUOKJQLMFJASA-UHFFFAOYSA-N,COC1=CC(C2=CC=C3N=CN=C(NC4=CC=C(Cl)C=C4F)C3=C2)=CC=C1O,0.3970965513653109,0.0177264094129744,0.0194147929607424,0.176617209077787,0.687722378117544,0.103782654,-6.855,-3.5145886,2.176586
PLGMZOTUYREITK-CAOOACKPSA-N,O=C(O)C1=CC=C(/C=N/OC2=CC(F)=CC(F)=C2)C=C1,0.1352991327668941,0.0004289247078231,0.0747641783207655,0.0927093726502644,0.574155812127184,0.42332384,-4.641,-5.5403314,2.284041
DJVHDNQFYKNAOE-UHFFFAOYSA-N,OCCCCN1C(CN2C3=C(C4=CC=CC=C24)CCNC3)=NC2=CC=CC=C12,0.3450560485489756,0.0192129853825861,0.0141385813010856,0.11847277118044,0.685352740905119,0.8822882,-3.448,-4.0916815,2.525178
MHPVLVBFRYEPNX-UHFFFAOYSA-N,COC1=NC2=CC=C(Br)C=C2C2=C1C(C)(OCC(O)CN1C=CC(C3=CC=C(C)C(C)=C3)=N1)C1=CC=CC=C21,0.4179592638702202,0.0119085303399832,0.016348530317191,0.203926916055508,0.743684307468512,0.5574263,-7.63,-5.1854057,3.702342
BBLJOUQSLOHUGG-QBFSEMIESA-N,CC/C(=C/C1=[N+](CCCS(=O)(=O)[O-])C2=CC(C)=CC=C2S1)SC,0.1332035628099125,2.36744076683872e-05,0.0397405207157135,0.137948375680997,0.59245877536329,0.15763523,-1.527,2.3493931,3.555933
JJQQOJRGUHNREK-PWNYCUMCSA-N,O=C(NO)[C@H](O)[C@H](O)COP(=O)(O)O,0.087632976855909,2.9680502917371493e-06,8.635553173519384e-05,0.0170180880053321,0.453594844389426,0.18734212,0.126,13.08231,3.691176
WQOUNYVRWYXXHY-GDLZYMKVSA-N,C#CCN(C)[C@H](C)CC1=CC=C(OCCCCCCCCCCNC2=C3C(=NC4=CC=CC=C24)CCCC3)C=C1,0.3785587859613137,0.002048752199827,0.029331029439345,0.246931254447217,0.696704663878412,0.36092198,-6.756,8.078303,3.196118
FNCPPQSDJAVTHV-UHFFFAOYSA-N,CCNC(=O)C1CCN(C(=O)CSC2=NN=C(N)S2)C1,0.1707825326715423,9.598748954514194e-06,0.0324783575721085,0.040591387240833,0.547257319841631,0.3637425,-2.496,-11.0892,2.797881
RXYVZXJSTKOGOM-NTISSMGPSA-N,CC(=O)O.CC(C)CCC(=O)N1CCC[C@H]1C(=O)NCC1=CC=C(C(=N)N)C=C1,0.1200783946684899,2.482545769060657e-06,0.0085779728367924,0.0300311334801776,0.394103772146405,0.6340377,-2.853,8.909176,2.687443
MGRJCCWBLNKZOA-UONOGXRCSA-N,CC(C)=C[C@H]1[C@@H](COC(=O)C2=CC=CC=C2Cl)C1(C)C,0.1323800104494141,0.000897424040695,0.0207001669965393,0.0401405779657996,0.498779748452823,0.26290095,-5.909,-2.792534,3.222594
WSNOTOOAAHPYDR-UHFFFAOYSA-N,CNC1=C([N+](=O)[O-])C(C2=CC=C(N3CCN(C4=CC=NC5=CC(Cl)=CC=C45)CC3)C=C2)C2=C(C=O)C(C)=CC(Cl)=C2O1,0.4155228456274044,0.0001798329504234,0.0492619057185947,0.192028913928781,0.696498849537587,0.72082484,-7.306,-0.3899608,3.706119
BIYYFMFQCADOGW-UHFFFAOYSA-N,CC1=CC=C2C(=O)C(C(=O)NC3CCCCC3)=CN(CC3=CC=C(F)C=C3)C2=N1,0.1862731127854415,0.0004496058296717,0.0928338819183409,0.112952742736779,0.73833830319713,0.08474383,-6.246,-10.574754,2.221485
RCLMMZLOWGATLM-WPIFCNJOSA-N,C=C(C)C(O)CC/C(C)=C/CC1=C(O)C=CC2=C1O[C@H](C1=CC=C(O)C=C1)CC2=O,0.2783980128136765,2.0867718703796623e-05,0.0002259751542684,0.039110653825976,0.651648637587076,0.26390812,-5.366,10.930811,3.695943
ZRXCMNYOWWCGIL-UHFFFAOYSA-N,O=C(NC1=CC=C2N=C(SCC3=CC=C(Cl)C=C3)SC2=C1)C1=CC=CC=C1C(=O)N1CCCC1,0.216286155992359,0.0041970118052236,0.0047816926962696,0.184253400532567,0.67176216005829,0.024879403,-8.055,-7.2798667,2.217087
HFMIHUXQMATZBT-UHFFFAOYSA-N,CN(CCC1CCOCC1)C(=O)C1=CC2=CC(NC3=NC=CC(C4=CC=CC=N4)=N3)=CC=C2N1,0.3727389511579854,0.0003038483643985,0.0072896956582553,0.141372275939427,0.623948068412962,0.1676869,-5.692,2.581258,2.71584
CHFBDRLIFKQVCM-UHFFFAOYSA-N,FC(F)(F)C1=CC=C(OC2=CC=C3N=C(C4=CC=C(OCCCN5CCCCC5)C=C4)OC3=C2)C=C1,0.390062875902542,0.0521307629251007,0.0022833538852864,0.165078130433557,0.77888989096265,0.17891008,-6.902,-10.106342,2.31728
VMMYOXWMJSIMQE-RZQQEMMASA-N,CC1=CSC2=C(N3N=C(NC4=CC=C(N5CCN([C@@H]6C[C@H]7CC[C@@H]6C7)CC5)C(Cl)=C4)N=C3N)N=C(Cl)N=C12,0.3925921380134061,0.0025285025075989,0.0301675146911293,0.195673241413079,0.582819154046388,0.6259989,-7.054,4.4810753,4.722174
IYLBPELTTFJGJQ-LJAQVGFWSA-N,OC1=CC=C2C(=C1)O[C@@H](C1=CC=CC(OCCN3CCSCC3)=C1)C1=C2CCOC2=CC(O)=CC=C12,0.414697300899533,0.0071693221204745,0.0005312983427302,0.126979909490156,0.720261084889772,0.6963033,-6.213,-4.48067,3.425712
SVVUPQGHOYWEIT-RXFWQSSRSA-N,C[C@H](O)CNC(C)(C)C(=O)N[C@@H]1CCC2=CC=CC=C2N(CC2=CC=C(C3=CC=CC=C3C3=NNN=N3)C=C2)C1=O,0.1781010172989113,0.0001069231077776,0.009049771114951,0.109940769096408,0.646994025553524,0.6893241,-4.935,-9.362647,3.527086
RZUKFYARUVPKQC-UHFFFAOYSA-N,C1=CN=C(OC2=CC=C(NC3=NC4=CC=CC=C4S3)C=C2)C(C2=CC=NC3=CC=CC=C23)=C1,0.4197038205369494,0.002136481312842,0.0257917849346995,0.193245009316094,0.768350400137503,0.20806193,-8.528,-9.276702,2.283224
GESMKOBFFPRXSF-UHFFFAOYSA-N,CSC1=CC=C(O)C(C(=O)NC2=NNN=N2)=C1,0.1149316187362772,2.7823117466224144e-05,0.0014352019052239,0.0505350472915976,0.544991494731056,0.6807178,-2.951,-11.560297,2.448727
STQGDTJVPDFSBX-UHFFFAOYSA-N,CN1CCN(CC2=CC=CC(C3=CC(NCCCN4C=CN=C4)=C4C=CC=CC4=N3)=C2)CC1,0.426914026311527,0.0026602799209907,0.0565763184800744,0.31472487806149,0.780317901887657,0.06758239,-3.4,-10.807835,2.38702
IFLRTIBATNZOEH-UHFFFAOYSA-N,CC1=CC=C(N2N=C(C3(C)CC3)C=C2NC(=O)NC2=CC=C(OC3=CC=NC4=C3N=CC(=O)N4)C3=CC=CC=C23)C=C1,0.2771580538315099,7.954013504839876e-05,0.0191173646599054,0.131743470380218,0.705969919870091,0.22714068,-8.501,-1.1459758,3.04399
GGFZPVUMYNJORJ-RMKNXTFCSA-N,C=CCOC1=CC=C(C(=O)/C=C/C2=CC(OC)=C(OC)C(OC)=C2)C(O)=C1,0.1271783791223102,4.117840929182084e-05,0.0041948994388803,0.0637778224078245,0.605960833808344,0.15274556,-5.46,9.235632,2.302611
BANDIVBQLBQKTO-OOJXKGFFSA-N,CSC1=NC2=C(SN=C2)N1[C@@H]1O[C@H](CO)[C@@H](O)[C@@H]1O,0.2243956207384685,0.0019630191247595,0.1631936206948012,0.032807047391738,0.491640132481489,0.32882404,-1.545,7.87717,4.368456
KNKHANHDPGAJSA-UHFFFAOYSA-N,CC1=NN(C)C2=C1N=C(C)N1C=C(CC3=CC=CC=C3)N=C21,0.2226499152879805,0.001168410099714,0.0074473875400144,0.0358818100548056,0.504293490468191,0.32405612,-4.051,-3.8497937,2.625528
DJZFPJUVKBHFEB-UHFFFAOYSA-N,CC1=CC=C2N=C(NC(=O)CCCCN3CCN(C4=CC=C(Cl)C=C4)CC3)SC2=C1,0.2315246213378066,0.0002126411654542,0.0212376632727682,0.195530667694306,0.737947343571749,0.3146407,-5.848,-5.0573797,2.097168
LWHIOWBZHDFICQ-JVCXMKTPSA-N,O=C1/C(=C\C2=CC=CN2CCCCCCN2C3=CC=CC=C3C(=O)C3=CC=CC=C23)C2=CC=CC=C2N1C1=C(Cl)C=CC=C1Cl,0.2618196197032346,0.0009182429607747,0.2429984353482723,0.21691597193859,0.648443601339082,0.105631605,-8.679,-9.000974,2.887037
ZDKMGEAVPHLHAU-UHFFFAOYSA-N,CCCCCCCCCCCCCCCCCCNC(=O)OCC(COC(=O)N(CC1CCC[N+]1(C)CC)C(C)=O)OC.[I-],0.1663839271621363,1.578985316651319e-06,0.0929863460361957,0.188553049859123,0.68018853443733,0.050358854,-1.947,10.892327,4.282994
FMZRVAWPQMDTNK-UHFFFAOYSA-N,OC1=CC=C(C2=CC=C(F)C=C2F)C=C1C1=NNC(=S)N1C1=CC=CC=C1,0.2091068487655931,0.0148474585828554,0.0113814167445525,0.131915450904495,0.713802178211469,0.28145468,-7.078,-0.8400407,2.327274
MYHADYIDHTWANE-UHFFFAOYSA-N,COC1CCC2(CC1)CC1=CC=C(C3=CC=CC(C#N)=C3)C=C1C21N=C(N)N(C)O1,0.328138423822597,0.0002595977974337,0.0059211238287389,0.0689018396173236,0.521015762104336,0.3191246,-6.187,-3.5872295,4.29288
GMJUGPZVHVVVCG-UHFFFAOYSA-N,CC(=O)N(O)C1=CC=CC=C1,0.0391311057713086,0.0001299694363523,0.0005481369502376,0.020648265803433,0.360057088908122,0.20466071,-1.086,-7.4016914,2.059
SNQHXUXSDXWQKG-UHFFFAOYSA-N,CCCC(C)NC1=NC=C(C#CC2=CC=C(CC(C)NC(C)=O)C=C2)C=N1,0.1946247225936362,1.243171975424664e-06,0.00202006167965,0.0855100954900515,0.578946803444358,0.059992824,-5.433,-5.9646153,3.245038
UCEMIGLIQIYVAH-JEEWRSNPSA-N,COC1=CC=CC2=C1C(=O)C1=C(O)C3=C(C(O)=C1C2=O)C[C@@](O)(C(C)=O)C[C@@H]3OC1CC(NC(C)=O)C(O)C(C)O1,0.2254732225845237,0.0001458928843036,0.0100433833023998,0.0488237388692744,0.629331413659617,0.22537757,-4.411,10.965618,4.476981
GTNKWTDFCSUTHM-UHFFFAOYSA-N,N=C(N)C1=CC=CC(COC2=CC=CC(C(=N)N)=C2)=C1,0.2209200203249673,0.0012367651095133,0.2400594415143132,0.0410985929611047,0.634614626754859,0.23430115,-2.469,-4.4380193,1.997927
NFJNDYWXSUDTHS-ROCBYOHGSA-N,CCN(C1=CC=CC=C1)S(=O)(=O)[C@H]1C[C@H]2O[C@@H]1C(C1=CC=C(OCCN3CCCCC3)C=C1)=C2C1=CC=C(O)C=C1,0.3883774432901639,0.0003492817105368,2.2480554359560757e-05,0.15028738748593,0.70660365294524,0.18795365,-6.422,0.7994727,4.511294
LOVPMHIHFWTOMF-MFDNGWNGSA-N,CC(=O)N[C@@H](CC1=CC=C2C=CC=CC2=C1)C(=O)N(C)[C@@H](CC1=CC=CC=C1)C(=O)N(C)[C@@H](CC1=CC=CC=C1)C(=O)N(C)[C@@H](CC1=CC=CC=C1)C(N)=O,0.2098318052593578,0.0001493599400289,0.0118160668294876,0.110265302538616,0.643526728518979,0.1486449,-5.688,3.696939,3.942462
AQGQIEMZZCPJGG-QZXDNJHYSA-N,CCC(=O)O[C@H]1CC[C@H]2[C@@H]3CCC4=CC(=O)CC[C@]4(C)[C@H]3CC[C@]12C.CCC1(C2=CC=C(N)C=C2)CCC(=O)NC1=O,0.273292832681432,0.0002602819611235,2.474114320989429e-05,0.0487938134973056,0.60784792808757,0.21676077,-7.145,9.098378,4.56705
VVHQMLWERNTLCL-UHFFFAOYSA-N,COC1=CC=C(N2CCCC2)C(NC(=O)COC2=CC=CC=C2Cl)=C1,0.1405773949261653,0.0001105777830268,0.0011967485632339,0.0429927606233251,0.590626755985978,0.043194097,-5.387,-5.219565,1.837509
WGIVTUOTGVLTQN-JTQLQIEISA-N,COC[C@@H]1CCCN1CC1=C(C(F)(F)F)N=C(NC2=C(Cl)C=C(Cl)C=C2Cl)S1,0.234633731845295,0.0055379034832838,0.0950747118331492,0.111929980133567,0.67782435198613,0.72735745,-6.671,-2.287763,3.305253
KMBJZFPFFKGGEU-UHFFFAOYSA-N,OC1=CC=C2N=CC=C(NC3=CC=C(OCC4=CC=CC=C4)C=C3)C2=C1,0.4100118401833957,0.0002301295894828,0.0025633593613747,0.126166055735968,0.598628949534772,0.11490607,-6.247,-8.448858,1.887836
ONBNRNAPWUOESH-UHFFFAOYSA-N,OC1=NC2=CC=C(N3C=CN=C3)N=C2N=C1O,0.2267516359278854,0.0001490836259013,0.0043821376690175,0.0372299137713616,0.50165870814938,0.06485788,-2.752,-5.2316136,3.009995
IHEDUOBWVMZMIY-VZKILSJISA-N,C[C@@H]1NC(=O)[C@H](C)NC(=O)[C@@H](C)N(C)C(=O)[C@H](C)NC(=O)[C@H](C)N(C)C(=O)[C@H](C)NC1=O,0.1663565128911778,9.820453883629332e-05,0.1048977736383676,0.0699569781814479,0.559427603310047,0.34128395,-1.886,5.6279144,4.579128
WSFYPJICJPIWOT-UHFFFAOYSA-N,CCC(NC1=NC=NC2=C1N=CN2)C1=NC2=CC=CC(C)=C2C(=O)N1C1=CC(F)=CC(F)=C1,0.3807808061119441,0.000688808912931,0.0260167315311264,0.0943897249671052,0.747991217661673,0.33857048,-7.345,-3.2843254,3.385857
RYTDHVYYTOBADZ-OAHLLOKOSA-N,COC1=CC=C(C2=CC3=NC=CC=C3C(OC[C@H]3CNC(=O)C3(C)C)=N2)C=C1OC,0.3260948719866666,0.001786812247664,0.0272536110132932,0.0584190594857343,0.575836426405252,0.20522262,-5.631,2.5086234,3.203759
MVAYPHGEGDDSJN-UHFFFAOYSA-N,COC1=CC2=C(OC3=CC=C(NC(=O)C4=CN(C5=CC=CC=C5Cl)N=N4)C=C3F)C=CN=C2C=C1OCCCN1CCCCC1,0.4029135131565362,7.362226765537473e-05,0.0155616958392784,0.133686070552021,0.759943880191995,0.19118637,-7.91,-0.734256,2.777129
XLCHKSGXVNHTKZ-UHFFFAOYSA-N,O=C1NC(=O)C2=C1C(C1=C(Cl)C=CC=C1Cl)=CC1=C2C2=CC(O)=CC=C2N1CCCC(=O)N1C=CN=C1,0.3824203961410494,0.0004583933440886,0.02094483696128,0.108920145959557,0.535790925474807,0.4474073,-7.524,3.840014,3.072043
MGOFOQNKYHFDSR-UHFFFAOYSA-M,CCN1C(/C=C/C=C2/C3=CC=CC4=CC=CC(=C34)N2C)=[N+](CC)C2=CC3=CC=CC=C3C=C12.[Cl-],0.3993738157499433,0.0103655170910489,0.1078348778188228,0.368444356897764,0.746815169528151,0.9521426,-2.092,-6.6997886,3.159078
FCUKYLPPXZWKMS-UHFFFAOYSA-N,O=C1NC2=CC=CC=C2C1(C1=CNC2=CC=C(Br)C=C12)C1=CNC2=CC=C(Br)C=C12,0.253043398186714,0.0039778115154205,0.0040236451483906,0.123089218590492,0.576677300987428,0.29453164,-8.006,-8.582097,2.783068
QYJVJXAEEROTDH-UHFFFAOYSA-N,C1=CC=C2C(=C1)N=NN2CN1C=[N+](CN2N=NC3=CC=CC=C23)C2=CC=CC=C12,0.3199424555711831,0.001986912335722,0.0131708925357088,0.103287534641144,0.677511221756557,0.07907369,-4.144,-11.719768,2.863173
NXGCDOOPOMZLGO-UHFFFAOYSA-N,CC(C)NC(=O)C(=O)NNC(=O)C12CC3CC(CC(C3)C1)C2,0.1620336576819948,3.6512594150049485e-05,0.001455097393773,0.0760080997123198,0.497227832964292,0.21695344,-3.186,7.0028944,3.676133
IOJHRAOPMRKJKK-UHFFFAOYSA-N,CCCCC(=O)NC1=CC=C2C(=C1)N=C(CCN1CCOCC1)N2C,0.2387232629445622,9.996320505750765e-06,0.0003070616508011,0.0280663698049146,0.294058686727313,0.5254215,-2.792,-10.627798,2.183049
XUQQXOZTTUIURE-OYBAPSEUSA-N,C/C(=N\N=C1\SCC(=O)N1C1=CC=CC=C1)C1=CC=C(Cl)C(Cl)=C1,0.2107756184519155,0.0024489629878525,0.1124845935963094,0.166053510756612,0.574902074179468,0.29427812,-7.415,-9.884476,2.521651
HZRJARBNGRXUJE-UHFFFAOYSA-N,COC1=CC(CNCCCN2CCN(CC(C3=CC=CC=C3)C3=CC=CC=C3)CC2)=CC(OC)=C1OC,0.1699831467264748,0.0026956238003226,0.0137317377433646,0.204921243508466,0.714542904966207,0.007927527,-3.371,-10.890094,2.302991
KFRBDJQRBDMBMK-ZPKFVELUSA-N,C[C@@H]1CC[C@H]2[C@@H](C)[C@H](NC(=O)CCC(=O)OCC3=CC=C4N=CN=C(NC5=CC=C(F)C(Cl)=C5)C4=C3)O[C@@H]3O[C@@]4(C)CC[C@@H]1[C@@]23OO4,0.418530344656131,0.0005364447236322,0.0028225462317323,0.1094478939628,0.705764750564722,0.25047135,-7.294,-3.7674067,5.899026
MEVILRZVFPPRAZ-UHFFFAOYSA-N,CC1=CC=CC2=C1NC(C1=CC=CC(C3=CC=CC(CNCCN4CCNCC4)=C3)=C1)=N2,0.3804771682596798,0.0015815271372936,0.0449190290644764,0.32683820594655,0.87380417062611,0.25634852,-3.609,-11.67674,2.447654
SRAAXKYMNRBGKA-UHFFFAOYSA-N,O=[N+]([O-])C1=CC=C2NN=C(C3=CC=CC(C(F)(F)F)=C3)C2=C1,0.1637370161131732,0.0008645053875134,0.0206194244557991,0.0599107063933102,0.484472854208284,0.1489871,-5.495,-8.135084,2.211905
OTHIKKZLZJYTPI-UHFFFAOYSA-N,C1=CC=C2OC(C3=CC=C(OCCCN4CCN(C5=NSC6=CC=CC=C56)CC4)C=C3)=NC2=C1,0.3965952101989914,0.0152227554696705,0.0232178768143057,0.0961042157597447,0.753090576554441,0.5700649,-6.11,-11.068743,2.370355
NRMOSMIHDJDDLR-YMBRHYMPSA-N,CN1CCN(C2=CC=C(C3=CC4=C(C(=O)N(C)C=N4)C(NC4CCCC[C@@H]4CO)=N3)C=C2)CC1,0.3796246382224237,0.0002814453863676,0.0156709698960185,0.132345370869524,0.562158254312973,0.5736867,-3.579,-8.641116,3.388313
NBGMIOBNSRVIGS-UHFFFAOYSA-N,O=C1C2=CC(O)=CC=C2C=C(C2=CC=C(O)C=C2)N1C1=CC=C(OCCN2CCCCC2)C=C1,0.3981589868755689,0.0040419252197853,0.0003278615235103,0.127600966341079,0.779819488990791,0.5700437,-6.105,0.48449796,2.346637
CSHSNUPIDIUETJ-UHFFFAOYSA-N,O=C(C1=CC=CC(C(F)(F)F)=C1)C1CCCN(C(=O)CN2C=NC=N2)C1,0.1630810897942998,3.509381215304212e-05,0.0007780938054565,0.0206688303019868,0.249225472116103,0.07279483,-3.509,-7.7283287,2.807514
YUOAZNVYAFPIDP-UHFFFAOYSA-N,CCOC1=C(N2CCN(CCCCNC(=O)C3=CC=C(NC(=O)C4=CC=C(Cl)C=C4)C=C3)CC2)C=CC2=CC=CC=C12.Cl,0.259724219897767,0.0003105303854706,0.006757325437502,0.21479279770728,0.764909675551885,0.08315771,-5.727,-8.908972,2.429746
UVJYAKBJSGRTHA-CUZKYEQNSA-N,C=C1C(=O)O[C@H]2[C@H]1CC[C@]1(C)O[C@@]13CC=C(C)[C@H]23,0.2075769618560058,0.0007486155035018,0.0001057244550505,0.11540143513681,0.552380073574282,0.19218683,-2.921,10.356769,5.179054
UVEQLXUXABFFME-UHFFFAOYSA-N,CN(C)CC1=CC=CC=C1N/C(=N\C#N)N1CCN(C(=O)NC2=CC=C(Cl)C=C2)C(C2=CC=CC=C2)C1,0.2526175536401191,0.0001599822955426,0.0614900397136807,0.210914172858688,0.73196675226523,0.05607752,-5.563,1.5404395,3.153575
AFIUKPIKKLBRLF-UHFFFAOYSA-N,O=C(NC1=NN=C(SCC(=O)N2CCCC3=CC=CC=C23)S1)C1=CC=CC=C1,0.1850650177368863,0.0001803524193013,0.0280807689763605,0.051604276855454,0.437164748523273,0.03496766,-6.214,-11.550306,2.121778
FTLDCSOQTAHNBM-UHFFFAOYSA-N,CC1=NOC(CN2C(=O)C3=CC=CC=C3N(CC(=O)NC3=CC=C(C(C)C)C=C3)C2=O)=N1,0.1959376784266889,0.0012735086391479,0.0048830097424797,0.048088484914089,0.623256751419187,0.28013736,-5.778,-9.9086895,2.30676
MZZZNHQEMKZNJS-IKYDMHQPSA-N,COC1=CC=CC=C1NC1=NC=NC2=C1N=CN2C1O[C@H](CO)[C@@H](O)[C@H]1O,0.3287590079156917,0.0002558478141458,0.003640968631953,0.0486570746896978,0.59988298873134,0.7712624,-2.198,9.916264,3.441815
NCWXRZLEODZYTE-YKILCQELSA-N,CCCC[C@@H](C[C@@H](CCC1=CC=C(C2=CC=C(C3=CC=CC=C3)C=C2)C=C1)C(=O)N[C@H](C(=O)NC)C(C)(C)C)C(=O)O,0.1729496883152047,1.842860489201895e-05,0.0054343814292224,0.188626651881564,0.724997809892876,0.77336377,-6.692,-6.056526,3.466552
AKCJHCAIFNIUKD-UHFFFAOYSA-N,CCC1=NN=C(NC(=O)CSC2=NC3=C(C)C=CC=C3N2)S1,0.1750956093783567,2.392887875979329e-05,0.0453486122190952,0.084209102084247,0.414688473319374,0.7801971,-4.865,-8.436233,2.398128
WRCHTDQYXSMUBK-UHFFFAOYSA-N,COC1=CC(OC)=NC(NC(=S)NC(=O)C2=CC=CC=C2)=N1,0.1559978223793108,0.0001075964424721,0.0023598998654051,0.0787829864451289,0.54139183039485,0.3121504,-5.529,-2.7806535,2.146188
UWMYWRABQSOMCF-UHFFFAOYSA-N,CC1=CC2=CC(NC(=O)C3=CC=CC(S(=O)(=O)O)=C3)=CC=C2N1,0.0896697523107966,0.0006472450765628,0.0009688004829513,0.0232850288710384,0.418634834567439,0.64161247,-3.542,-8.777387,2.050315
BJOSXRHCJGGFNY-DHNIJCFSSA-N,O=C1N=C(N2CCC[C@H]2C(=O)NC2=CC=C3N=CN=C(NC4=CC=CC(Cl)=C4)C3=C2)S/C1=C/C1=CC=CS1,0.3892589873372041,0.0007872928466538,0.0577228800626471,0.111977137723115,0.667772175491392,0.034950636,-8.172,-4.8128786,3.252845
AONJQUAWYALAIL-UHFFFAOYSA-N,CC(C)(C)C1=CC=CC=C1NC1=C2C(=NC3=CC=CC=C13)C=CC=C2,0.2116593817195021,0.003302934243898,0.021522522997111,0.247778576114436,0.701441045677601,0.38411203,-7.524,-6.069772,1.939592
GPGUNVYMPJAUNT-NSHDSACASA-N,CCN1C(=O)C2=CC=CC3=C(S(=O)(=O)N4CC[C@H](N)C4)C=CC1=C23,0.197140001656727,7.686113722520872e-05,8.930644030442636e-05,0.0164055381704498,0.32491478893055,0.2771873,-3.325,-5.670405,2.839727
CYXPHNZJEDAZDD-UHFFFAOYSA-N,C1=CC=C(CCNC2=NC=NC3=C2C(C2=CC=CC=C2)=C(C2=CC=C(OCCN4CCCC4)C=C2)O3)C=C1,0.4284839498278341,0.0007831486856003,0.000832754368821,0.252196128305228,0.762542143212775,0.27984223,-6.389,0.18101801,2.449179
OMAWGNJHHJSGDZ-LXYHUSIVSA-N,C[C@H]1OC(=O)/C=C/C(=O)[C@@H](OC(=O)CCC(=O)O)CCCCCCCC[C@@H]1O,0.133692688512451,0.0001977280947629,0.0062988207559101,0.0563942043326051,0.582285734262487,0.22277074,-3.259,11.052397,4.085626
ODUBEYQKYAQFNS-UHFFFAOYSA-N,CC(O)CNC(=O)C1=CC=CC=C1SSC1=CC=CC=C1C(=O)NCC(C)O,0.2494172800595714,3.572678606385161e-05,0.0103934875805862,0.0234783396436715,0.223014660527998,0.22819647,-3.051,-7.086884,3.130605
MSSVRMZTTHGMIT-NRFANRHFSA-N,COC1=CC=C(C2=NC(C(=O)N[C@@H](CC(C)C)C(=O)O)=CN2C2=CC=NC3=CC(Cl)=CC=C23)C(OC)=C1,0.3790139826243365,0.0017395459554154,0.0211880811722949,0.0885436329207191,0.693486315418404,0.09676039,-5.852,-2.279565,3.08636
OGYJLIKSIYHXOE-UHFFFAOYSA-N,COC1=CC2=C(OC3=CC=C(NC(=O)C4=CC5=CC=CN=C5N(C5=CC=C(C(F)(F)F)C=C5Cl)C4=O)C=C3F)C=CN=C2C=C1OCCCN1CCCCC1,0.418111740854138,0.0008870246203228,0.0297289607580751,0.118592904701961,0.718840429957621,0.66154087,-8.586,5.291273,3.163524
WZZWPEJHQNCXFH-RDCVRMOHSA-N,C[C@@H]1CC[C@H]2[C@@H](C)[C@@H](OCCOC3=CC=CC(C(=O)/C=C/C4=CC=C(O)C=C4)=C3)O[C@@H]3O[C@@]4(C)CC[C@@H]1[C@@]23OO4,0.3851965542180269,0.0006820124500188,0.0006082159781897,0.160998159740349,0.673569664555943,0.2205843,-6.592,10.862603,5.64759
HPYIZQVYHGPMDT-UHFFFAOYSA-N,CN1CCN(CC2=CC=C(C3=CC4=C(C5=CC=CC(N6N=CC7=CC(C8CC8)=CC=C7C6=O)=C5CO)N=CN=C4N3)C=C2)CC1,0.4447028976343229,0.0015302589489136,0.0300169648602604,0.306300148491872,0.747172796640187,0.16790348,-5.757,0.36040318,3.076237
VFAUJTTUDQVDCY-UHFFFAOYSA-N,CC1=CC(=O)C2=CC=C3C(=C2O1)C(=O)C1=C(OCCN(C)C)C=CC=C1C3=O,0.2279071016435462,0.0002207283189708,0.0218204477569088,0.0903569927442843,0.682718392758396,,-4.822,3.7833848,2.562045
NRUMCMSOKVFYJL-UHFFFAOYSA-N,Br.O=[N+]([O-])C1=CC(C(NCC2=CC=CC=C2)P(=O)(O)CC2=CC=CC=C2)=C2N=C(O)C(O)=NC2=C1,0.2047453904451708,0.000956879067295,0.0098836338147521,0.0515908310361526,0.513292214176503,,-4.055,-11.518872,3.806008
ZKPUWBASAVMSDI-UHFFFAOYSA-N,CCC1=C(C2=CC=CC=C2)OC(C2=CC=C(O)C=C2)=C1C1=CC=C(OCCN2CCCCC2)C=C1,0.4108126086371578,0.0005693190427299,0.0003924520766304,0.151809318371986,0.754272987719586,,-6.736,-8.125852,2.388856
UDBRLTKXJFXTTH-UHFFFAOYSA-N,COC1=CC2=NC=NC(OC3=CC=CC(NC(=O)NC4=NOC(C(C)(C)C)=C4)=C3)=C2C=C1OCCCN1CCOCC1.Cl,0.3105567985347358,2.0183834677173647e-05,0.0019017733146029,0.0779838219366055,0.637650317502974,,-5.246,-4.990585,2.909528
JEDDEMYHWQZSLN-UHFFFAOYSA-N,O=C(O)C(CC1=CC=CC=C1)NS(=O)(=O)C1=CC=C(Cl)C=C1,0.064837040693869,0.00046636417605,0.0001049957334899,0.0287404270882714,0.370120637997553,,-3.842,-6.111449,2.108144
XXHXSMOZEJLAPV-UHFFFAOYSA-N,O=C(O)CC1=CN(C2=CC=CC=C2)N=C1C1=CC=C(C#CC2=CC=C(Cl)C=C2)C=C1,0.178375783627451,0.0029977898956556,0.0018712197925196,0.091015226726083,0.65559636791025,,-7.128,-4.9574594,2.249437
FXBGWQBBFOHQAR-UHFFFAOYSA-N,CN(C)C1=NC=C2C(=N1)C1=CC=C(Cl)C=C1C(C1=CC=CC=C1F)=NC2,0.2818671579233581,0.1742480937647647,0.0194034640910103,0.113514329244985,0.630052249447181,,-6.472,7.000523,2.577326
DGAUYWMGGCJBPK-UHFFFAOYSA-N,CCOC1=CC(CNC2=CC=CC=N2)=CC=C1OC1=CC=NC2=CC(Cl)=CC=C12,0.3792811024281413,0.0019023930350475,0.0354755165055394,0.226231843339988,0.762621862557317,,-7.314,-0.41170058,2.200653
CFARINXNYHKOAS-UHFFFAOYSA-N,CC1=C(C(=O)N2CC(C3=NC4=CC=CC=C4N3)C2)SN=N1,0.1402149578932896,0.0002738024427733,0.0046050791010202,0.0318570767392587,0.387726669039729,,-3.666,-10.778433,2.490886
UXOVJSZDEICRBM-ZOMYCCNSSA-N,CO[C@H]1/C=C\C=C(/C)C(=O)NC2=CC3=NC(/N=C(\N)N4CCC4)=NC3=C(C[C@@H](C)C[C@H](OC)[C@H](O)[C@@H](C)/C=C(\C)[C@@H]1OC(N)=O)C2=O,0.2505560571630204,0.0003560925416248,0.2231354407966136,0.131103818692249,0.645919463023328,,-4.715,9.471022,6.446726
NZHCIBGJINLBQA-UHFFFAOYSA-N,CC1=CC=CC=C1OCC(=O)NC1=CC=CC2=NSN=C12,0.175486014422123,5.71074834209121e-05,0.0044749344990123,0.0273889241868676,0.4959767976066,,-5.031,-10.689665,2.021742
GLUGUXLASIATPC-UHFFFAOYSA-N,CC1CCCC(N2CCN(S(=O)(=O)C3=CC=CC=C3)CC2)C1.O=C(O)C(=O)O,0.1348060835420015,8.77788295942241e-05,0.0004829869794775,0.0296602061291064,0.198991395080385,,-2.58,-8.230235,2.876842
SJGXIZJRNOMSAZ-RPBSMMDNSA-N,O=C1NC(=O)N([C@H]2C[C@H](O)[C@@H](CO)O2)C=C1CCCCC[18F],0.2506608384576417,0.0001519076486558,0.4781625807285309,0.0232930543196641,0.406973299868417,,-1.955,3.413307,3.617802
WODXCEOADJHAKH-UHFFFAOYSA-N,O=C1C=CC(C2=NN=C(C3CCN(CC4=CC=C(C5=NC6=C(C(=O)NC=C6)C=C5C5=CC=CC=C5)C=C4)CC3)N2)=CN1,0.4128826199815458,0.0440670982601139,0.0140203803312033,0.157585706736401,0.693862047365589,,-7.378,7.3828397,3.065164
YERHTZARWRDJEE-UHFFFAOYSA-N,COC1=CC(Cl)=CC=C1C1=CC=CC2=CC(S(=O)(=O)NC3=NN(CCN(C)C)C=C3)=CC=C12,0.2904732198608821,0.0030559062052277,0.0198209314374253,0.131529008707833,0.701595490949862,,-6.266,-8.915716,2.461172
GAKVIUPIYZMQBR-UHFFFAOYSA-N,BrC1=CC=C(CC2=NC3=CC=CC=C3O2)C=C1,0.2763687750554063,0.0365717480294855,0.004037631151732,0.0599022625049766,0.58083068236083,,-4.772,-11.428788,1.835177
HULIPYRTZHBHFC-UHFFFAOYSA-N,FC(F)(F)C1=CC=C(NC2=NC(NCC3=CC=CC=N3)=NC3=C2CCN(C2=NC=CC=C2C(F)(F)F)CC3)C=C1,0.3756550471885065,0.0034227672900355,0.0079542927560396,0.190737226018829,0.760163882487068,,-7.634,-6.6018424,2.829499
VWLAXRKXUAJELW-UHFFFAOYSA-N,CC1=CC(C)=C(S(=O)(=O)NCC2CCC(C(=O)NCC3=CC=C4C(=C3)OCO4)CC2)C(C)=C1,0.1324305693641649,4.262752603012517e-05,0.0012168559653218,0.0451309010371633,0.692825483274812,,-5.3,-10.775046,2.423626
FXWOMJWHQPKJAE-UHFFFAOYSA-N,CC1=CC=C(S(=O)(=O)N2C(=O)C(C3=CC=CC=C3)(C3=CC=CC=C3)C3=CC=CC=C23)C=C1,0.1195541608705295,0.0009829197507344,0.0003245027281082,0.102274180539123,0.719476394752258,,-6.964,-6.745683,2.267648
SQNBRMRPJYPSFQ-UHFFFAOYSA-N,NC1=NC=C2C(C3=CN(C4CCNCC4)N=C3)=COC2=C1OCC1=C(Cl)C=CC(F)=C1Cl,0.3866461030282414,0.0015771975622707,0.2185605242848396,0.111547439872561,0.7946313898626,,-5.694,-9.313055,3.126442
KLXLMLWCDCJXCC-UHFFFAOYSA-N,CC1CCN(C2=CC=C(NC3=NC=C4C5=CC=NC=C5N(C5CCCC5)C4=N3)N=N2)C1,0.3867656932258985,0.0005153042496019,0.0222749282605946,0.0988034374364198,0.522516166707728,,-5.519,-0.581362,3.243341
VWPOSFSPZNDTMJ-YUELXQCFSA-N,CC(C)(C)NC[C@@H](O)COC1=CC=CC2=C1C[C@H](O)[C@H](O)C2,0.1442780557319432,4.556945882578663e-05,0.0001551289159351,0.0326711131588388,0.40245393553524,,-1.473,11.438597,3.470966
MJNIDQNCVPHZNY-UHFFFAOYSA-N,CC(C)C1OC2=CC=CC=C2N(CC(=O)N(CC2=CC=NC=C2)CC2=CC=CO2)C1=O,0.2563810261526896,0.0001796378058664,0.0023872691352153,0.0236274758304747,0.20857818253161,,-4.327,-6.295936,2.995346
GLTSCVBMRODKDO-BUHFOSPRSA-N,COC1=NC(NC(=O)C2(NC(=O)C3=CC=C4C(C5CCCC5)=C(C5=CC=C(F)C=N5)N(C)C4=C3)CCCC2)=CN=C1/C=C/C(=O)O,0.3855987696427347,0.0004380631644994,0.017103137797676,0.0864001384811458,0.720370187982281,,-7.263,7.776219,3.378247
USQYTSWMROVFKA-ZONNCAFXSA-N,CC1CCCCN1CCC/N=C1\C=C2N(C3=CC=C(Cl)C=C3)C3=CC=CC=C3N=C2C=C1NC1=CC=C(Cl)C=C1,0.4124348422087447,0.0055668531799126,0.0359303792472928,0.398241760889744,0.717260394976513,,-8.351,-4.428087,3.199484
RSGLHEXDNYTUAD-GMAHTHKFSA-N,C=CC[C@@]1(CC)C(=O)N(C(=O)NCC2=CC=CC=C2)[C@H]1OC1=CC=C(C(=O)O)C=C1,0.1319948614975526,7.51079083391548e-05,0.0059087266562869,0.0200067744975129,0.420532141675915,,-4.739,-7.731864,3.281428
NNUTXINJOJHNTF-UHFFFAOYSA-N,CC1=NC2=C(C3=CC=CC=C3)C(C)=NN2C(NCCN2CCOCC2)=C1,0.2661851023925236,0.0004926499910159,0.0024479244559188,0.0358575843492938,0.347544856628686,,-3.581,-10.936862,2.345241
